order_item_id,order_id,product_id,quantity,unit_price
1,1,59,1,90.89
2,1,34,2,45.33
3,1,26,1,130.07
4,2,19,1,289.44
5,3,60,1,26.58
6,3,52,3,715.71
7,4,56,2,51.82
8,4,33,1,116.46
9,5,35,1,34.21
10,5,61,1,81.97
11,6,63,3,8.3
12,6,45,1,383.48
13,7,64,1,74.51
14,8,33,1,116.46
15,9,53,1,553.58
16,9,47,1,753.73
17,10,17,3,108.48
18,11,31,2,65.25
19,11,2,1,798.46
20,11,29,3,154.27
21,11,60,3,26.58
22,11,20,1,28.7
23,12,62,3,27.47
24,12,59,1,90.89
25,13,54,1,572.16
26,13,35,2,34.21
27,13,39,2,17.07
28,14,62,1,24.72
29,14,49,1,73.15
30,15,53,1,522.83
31,15,61,2,81.97
32,15,50,3,48.52
33,15,20,1,33.76
34,16,13,2,356.2
35,17,19,1,246.02
36,18,44,1,53.64
37,18,11,2,391.95
38,18,49,3,62.18
39,18,63,2,8.3
40,18,9,1,717.58
41,19,13,2,302.77
42,19,13,1,302.77
43,20,38,1,19.71
44,20,19,1,289.44
45,20,24,1,108.35
46,21,19,1,246.02
47,22,60,3,26.58
48,23,39,1,18.97
49,23,33,1,116.46
50,23,26,3,144.52
51,23,14,1,181.75
52,24,3,3,1093.44
53,24,51,1,411.15
54,25,37,2,24.15
55,25,46,1,159.73
56,25,33,1,98.99
57,26,13,3,302.77
58,27,47,2,753.73
59,28,17,2,108.48
60,29,62,3,27.47
61,29,44,2,53.64
62,29,10,1,698.52
63,30,47,1,753.73
64,30,2,1,798.46
65,30,59,1,77.26
66,31,48,1,660.36
67,31,61,1,73.77
68,31,42,3,44.87
69,32,39,1,18.97
70,32,18,1,155.93
71,33,18,1,155.93
72,34,20,2,28.7
73,34,13,2,320.58
74,34,53,3,615.09
75,35,31,2,65.25
76,35,48,1,561.31
77,36,16,3,344.85
78,37,17,2,108.48
79,38,30,1,146.51
80,38,1,1,688.3
81,39,4,1,229.87
82,40,7,1,1121.99
83,41,47,1,753.73
84,41,58,1,69.8
85,42,4,1,229.87
86,42,52,1,795.23
87,43,11,1,461.12
88,44,42,1,40.38
89,44,38,1,17.74
90,45,28,1,115.57
91,46,13,1,356.2
92,47,61,1,81.97
93,48,8,1,417.17
94,48,43,1,53.42
95,48,46,2,159.73
96,49,46,1,143.76
97,49,28,1,115.57
98,50,15,2,153.21
99,50,29,2,138.84
100,51,4,1,195.39
101,51,35,1,34.21
102,52,19,1,289.44
103,53,12,2,1259.64
104,53,49,1,73.15
105,53,21,1,52.43
106,53,42,2,40.38
107,53,11,2,461.12
108,54,35,1,34.21
109,54,63,1,8.3
110,55,56,1,48.94
111,56,6,1,975.94
112,56,8,1,463.52
113,57,56,1,57.58
114,58,46,1,135.77
115,58,6,1,1084.38
116,59,54,1,635.73
117,59,3,3,1286.4
118,60,12,1,1259.64
119,60,32,1,54.67
120,60,11,1,461.12
121,60,44,1,53.64
122,61,25,3,36.75
123,61,45,2,325.96
124,62,23,1,122.66
125,63,60,2,28.14
126,63,58,1,69.8
127,64,41,1,58.71
128,65,8,1,463.52
129,65,40,1,36.71
130,65,8,1,463.52
131,66,50,1,51.37
132,66,6,1,975.94
133,66,25,1,36.75
134,66,20,3,33.76
135,67,23,1,122.66
136,68,47,1,753.73
137,68,50,1,57.08
138,69,43,1,53.42
139,69,50,1,48.52
140,70,19,3,289.44
141,71,11,1,461.12
142,72,12,1,1259.64
143,72,47,1,753.73
144,73,25,1,36.75
145,73,20,1,33.76
146,73,5,1,884.28
147,74,22,2,210.77
148,75,57,1,101.05
149,76,61,3,81.97
150,77,60,2,31.27
151,77,54,3,635.73
152,77,18,2,155.93
153,77,62,2,24.72
154,77,14,2,181.75
155,78,58,3,77.56
156,79,58,2,77.56
157,80,50,3,57.08
158,81,43,2,53.42
159,82,18,2,155.93
160,82,58,1,77.56
161,83,55,1,66.53
162,84,59,1,90.89
163,85,19,1,289.44
164,86,11,1,461.12
165,86,9,3,759.79
166,87,61,1,81.97
167,88,9,1,717.58
168,89,43,1,53.42
169,89,44,2,53.64
170,90,18,1,155.93
171,91,6,1,1084.38
172,91,51,3,411.15
173,91,61,1,69.67
174,92,43,1,53.42
175,92,56,2,48.94
176,92,57,2,118.88
177,93,35,2,29.08
178,93,55,1,59.88
179,94,42,1,44.87
180,95,57,1,118.88
181,96,8,1,393.99
182,96,52,1,675.95
183,97,57,1,118.88
184,98,5,1,835.15
185,99,18,1,155.93
186,99,41,1,58.71
187,99,15,1,170.23
188,100,28,3,115.57
189,100,63,1,8.3
190,100,10,1,593.74
191,101,41,1,49.9
192,101,9,1,844.21
193,101,39,2,16.12
194,101,23,2,129.88
195,101,29,1,154.27
196,102,48,1,594.32
197,103,51,3,388.31
198,104,10,1,698.52
199,104,10,1,593.74
200,105,24,2,108.35
201,105,56,1,57.58
202,105,16,1,344.85
203,106,45,3,345.13
204,106,37,2,24.15
205,106,26,1,130.07
206,107,12,1,1259.64
207,107,20,1,30.38
208,108,6,2,1084.38
209,108,11,1,391.95
210,108,34,1,48.0
211,108,54,1,635.73
212,109,32,2,46.47
213,110,21,1,61.68
214,110,60,1,28.14
215,111,45,3,383.48
216,112,31,1,65.25
217,113,50,2,57.08
218,114,41,1,58.71
219,114,64,3,74.51
220,114,64,2,74.51
221,114,3,1,1286.4
222,115,46,1,159.73
223,116,14,1,201.94
224,116,47,2,753.73
225,117,47,1,753.73
226,117,50,1,51.37
227,118,51,1,456.83
228,118,47,2,753.73
229,118,52,1,795.23
230,118,5,1,982.53
231,118,61,1,81.97
232,119,41,1,52.84
233,119,39,1,17.07
234,119,63,2,8.3
235,119,61,2,81.97
236,120,40,2,31.2
237,120,4,1,229.87
238,121,7,1,1121.99
239,122,5,1,835.15
240,122,15,1,170.23
241,123,53,1,553.58
242,123,61,2,69.67
243,124,42,3,44.87
244,124,49,1,73.15
245,125,34,1,53.33
246,126,39,2,16.12
247,127,36,1,52.95
248,128,45,3,383.48
249,128,38,1,16.75
250,128,11,1,461.12
251,128,33,2,116.46
252,128,26,2,144.52
253,129,31,1,55.46
254,130,53,1,615.09
255,131,21,1,61.68
256,132,12,1,1259.64
257,133,23,1,144.31
258,133,5,3,982.53
259,133,64,1,63.33
260,133,38,2,19.71
261,134,43,1,45.41
262,134,64,2,74.51
263,134,60,1,31.27
264,134,43,1,53.42
265,135,44,2,48.28
266,136,52,2,715.71
267,136,42,1,38.14
268,137,32,1,54.67
269,137,31,1,65.25
270,138,34,1,45.33
271,138,31,1,65.25
272,139,40,1,31.2
273,139,38,1,19.71
274,140,48,1,594.32
275,140,61,2,69.67
276,141,11,1,415.01
277,141,47,1,678.36
278,141,15,1,153.21
279,142,42,2,44.87
280,143,12,2,1259.64
281,143,8,1,417.17
282,144,40,2,36.71
283,144,33,2,98.99
284,145,9,1,844.21
285,145,9,3,844.21
286,146,54,1,635.73
287,146,58,2,77.56
288,146,49,1,62.18
289,147,23,3,144.31
290,148,1,2,688.3
291,149,49,2,73.15
292,149,59,1,90.89
293,150,3,1,1286.4
294,150,13,1,356.2
295,151,57,1,118.88
296,152,38,1,16.75
297,152,41,1,49.9
298,153,29,1,154.27
299,154,23,1,144.31
300,154,64,1,74.51
301,154,49,2,73.15
302,154,54,1,635.73
303,155,29,1,131.13
304,155,19,2,289.44
305,156,18,1,155.93
306,156,27,1,124.68
307,157,25,1,36.75
308,157,6,2,1084.38
309,157,28,1,115.57
310,158,16,2,344.85
311,159,42,2,44.87
312,159,60,1,31.27
313,159,40,1,33.04
314,159,64,1,63.33
315,160,48,1,660.36
316,160,29,2,154.27
317,160,34,1,48.0
318,160,54,1,635.73
319,161,64,1,63.33
320,161,44,1,53.64
321,161,63,1,7.06
322,162,24,3,97.52
323,162,8,1,463.52
324,163,30,1,146.51
325,163,2,1,798.46
326,164,62,1,27.47
327,164,1,1,688.3
328,165,37,1,20.53
329,166,14,3,181.75
330,166,20,1,30.38
331,166,33,2,116.46
332,166,51,1,456.83
333,167,39,1,18.97
334,167,5,1,982.53
335,168,22,1,210.77
336,168,43,1,53.42
337,169,61,1,81.97
338,169,36,2,52.95
339,169,5,1,982.53
340,169,3,3,1157.76
341,170,31,1,65.25
342,171,18,2,132.54
343,171,11,1,461.12
344,171,7,1,1121.99
345,172,51,3,456.83
346,172,4,1,229.87
347,173,56,1,51.82
348,173,49,1,65.84
349,173,38,2,16.75
350,173,10,1,698.52
351,174,14,1,201.94
352,175,12,1,1259.64
353,176,12,1,1259.64
354,177,11,2,415.01
355,177,32,1,54.67
356,178,35,1,34.21
357,179,10,1,698.52
358,180,1,3,688.3
359,181,43,1,45.41
360,182,26,1,144.52
361,182,51,3,456.83
362,183,32,1,54.67
363,183,51,1,411.15
364,183,26,1,130.07
365,183,24,1,97.52
366,183,4,3,229.87
367,184,9,2,844.21
368,185,20,2,33.76
369,186,54,1,635.73
370,186,11,1,461.12
371,187,6,1,921.72
372,187,52,3,795.23
373,188,29,1,154.27
374,189,4,1,229.87
375,190,19,1,289.44
376,190,59,2,81.8
377,190,62,1,27.47
378,190,57,2,118.88
379,191,15,1,170.23
380,191,14,1,201.94
381,191,32,1,49.2
382,192,30,2,124.53
383,192,24,1,92.1
384,192,56,1,48.94
385,192,26,1,144.52
386,192,50,1,57.08
387,193,9,1,759.79
388,193,24,1,108.35
389,193,59,1,77.26
390,194,50,1,51.37
391,195,23,2,122.66
392,195,39,3,17.07
393,196,40,1,36.71
394,197,18,1,155.93
395,197,24,1,97.52
396,198,24,1,108.35
397,199,63,1,8.3
398,199,64,1,74.51
399,199,54,2,635.73
400,199,63,1,7.47
401,199,4,2,229.87
402,200,22,2,189.69
403,200,64,1,74.51
404,201,47,1,753.73
405,201,57,1,118.88
406,202,39,2,18.97
407,202,58,1,77.56
408,202,57,2,118.88
409,203,45,2,345.13
410,203,55,1,66.53
411,203,27,2,124.68
412,204,22,1,179.15
413,204,38,1,19.71
414,205,53,3,615.09
415,206,19,2,289.44
416,207,35,1,34.21
417,208,12,1,1070.69
418,208,36,1,58.83
419,208,59,3,90.89
420,208,1,2,585.05
421,209,9,2,844.21
422,210,42,2,44.87
423,210,17,1,108.48
424,211,59,1,90.89
425,212,26,3,144.52
426,212,39,1,18.97
427,212,12,1,1259.64
428,212,11,1,391.95
429,212,22,1,179.15
430,213,1,1,688.3
431,213,17,1,97.63
432,213,57,1,101.05
433,214,17,1,108.48
434,214,50,1,57.08
435,215,49,2,73.15
436,216,2,1,798.46
437,216,57,1,118.88
438,217,28,1,115.57
439,217,18,2,140.34
440,218,18,1,132.54
441,218,11,1,415.01
442,219,39,1,17.07
443,219,25,2,36.75
444,220,31,1,65.25
445,220,31,1,58.73
446,220,10,1,698.52
447,221,54,1,540.37
448,221,23,2,144.31
449,221,3,1,1286.4
450,221,34,1,53.33
451,222,54,1,635.73
452,222,11,1,415.01
453,222,20,1,33.76
454,223,9,1,844.21
455,224,56,1,51.82
456,225,23,1,122.66
457,225,18,2,155.93
458,225,64,3,67.06
459,226,35,2,34.21
460,226,4,1,229.87
461,226,35,1,34.21
462,227,47,1,678.36
463,227,22,1,210.77
464,228,15,1,153.21
465,228,1,1,688.3
466,229,20,1,33.76
467,230,41,1,58.71
468,230,48,1,561.31
469,231,6,3,1084.38
470,231,60,2,31.27
471,232,26,1,144.52
472,233,26,2,130.07
473,233,32,1,54.67
474,233,4,1,229.87
475,233,2,3,798.46
476,233,49,2,62.18
477,234,54,1,635.73
478,234,19,2,289.44
479,234,6,3,975.94
480,234,53,2,615.09
481,234,59,3,90.89
482,235,51,1,411.15
483,235,8,1,463.52
484,236,51,2,388.31
485,237,26,1,130.07
486,238,41,1,52.84
487,238,46,3,159.73
488,239,12,1,1070.69
489,239,39,2,16.12
490,239,6,1,1084.38
491,239,19,1,289.44
492,240,34,2,53.33
493,240,4,3,229.87
494,241,14,2,201.94
495,242,29,1,154.27
496,242,48,1,561.31
497,242,11,1,461.12
498,243,57,2,118.88
499,244,22,3,210.77
500,244,51,1,456.83
501,245,24,1,108.35
502,246,38,1,17.74
503,246,62,1,27.47
504,247,32,1,49.2
505,247,3,3,1093.44
506,248,42,1,44.87
507,248,4,1,229.87
508,249,61,1,73.77
509,249,30,3,146.51
510,249,32,1,54.67
511,250,29,1,154.27
512,250,46,3,159.73
513,250,23,1,144.31
514,250,46,3,159.73
515,250,46,3,143.76
516,251,64,1,74.51
517,251,63,1,8.3
518,251,30,1,146.51
519,252,26,2,144.52
520,252,23,3,144.31
521,252,8,1,417.17
522,252,19,2,260.5
523,253,51,1,456.83
524,253,39,1,18.97
525,253,56,2,57.58
526,253,41,1,52.84
527,254,23,1,122.66
528,255,51,2,411.15
529,255,5,1,982.53
530,255,29,1,154.27
531,256,45,3,383.48
532,257,43,1,53.42
533,257,27,1,124.68
534,258,7,1,953.69
535,258,54,3,635.73
536,258,64,2,74.51
537,259,29,1,154.27
538,259,5,1,982.53
539,260,49,1,73.15
540,261,62,2,27.47
541,261,22,1,210.77
542,261,21,1,61.68
543,261,27,3,124.68
544,261,34,1,53.33
545,262,63,1,8.3
546,262,1,1,688.3
547,263,4,1,195.39
548,264,51,1,388.31
549,265,48,2,660.36
550,266,34,1,53.33
551,266,8,1,393.99
552,267,53,3,553.58
553,268,54,3,540.37
554,269,5,1,884.28
555,270,58,1,77.56
556,271,56,1,48.94
557,271,19,2,289.44
558,272,50,1,51.37
559,273,2,2,718.61
560,273,54,1,635.73
561,273,19,1,260.5
562,273,13,3,320.58
563,274,45,2,383.48
564,274,50,1,51.37
565,274,61,1,81.97
566,274,52,1,715.71
567,275,31,1,65.25
568,275,35,2,34.21
569,275,44,2,53.64
570,275,40,1,36.71
571,276,18,1,132.54
572,276,57,2,118.88
573,276,35,2,30.79
574,276,12,1,1259.64
575,277,48,2,594.32
576,277,21,1,52.43
577,278,4,1,229.87
578,278,8,1,463.52
579,278,7,3,953.69
580,278,26,1,144.52
581,279,4,1,229.87
582,280,21,2,61.68
583,281,7,1,1009.79
584,282,27,1,124.68
585,282,3,2,1093.44
586,283,2,1,718.61
587,283,40,2,31.2
588,284,45,1,383.48
589,285,51,1,456.83
590,285,48,1,594.32
591,285,37,1,24.15
592,286,42,2,44.87
593,287,25,1,36.75
594,287,8,2,417.17
595,288,4,1,229.87
596,289,25,1,31.24
597,289,29,1,131.13
598,289,61,3,69.67
599,290,24,1,108.35
600,291,24,3,108.35
601,291,12,1,1259.64
602,291,40,1,36.71
603,292,16,1,293.12
604,292,10,1,698.52
605,293,39,1,18.97
606,294,59,1,77.26
607,294,24,2,108.35
608,294,43,1,53.42
609,294,41,1,58.71
610,294,58,1,77.56
611,295,17,1,92.21
612,295,55,1,66.53
613,295,50,1,51.37
614,296,25,1,36.75
615,296,32,1,54.67
616,296,40,1,36.71
617,297,6,1,1084.38
618,298,56,2,57.58
619,298,44,3,53.64
620,299,52,1,795.23
621,299,17,1,108.48
622,299,22,1,179.15
623,299,5,1,835.15
624,300,14,1,201.94
625,300,7,1,1121.99
626,300,57,1,106.99
627,300,33,1,116.46
628,300,27,1,105.98
629,301,35,1,29.08
630,302,16,1,344.85
631,303,26,1,144.52
632,303,38,1,17.74
633,303,64,3,63.33
634,304,12,3,1133.68
635,305,13,3,302.77
636,306,60,1,31.27
637,307,55,2,66.53
638,307,6,1,1084.38
639,308,57,3,118.88
640,309,15,1,170.23
641,310,54,1,635.73
642,310,15,1,144.7
643,311,62,2,23.35
644,311,57,1,118.88
645,311,46,1,135.77
646,311,17,1,108.48
647,312,2,2,678.69
648,312,29,3,131.13
649,313,45,1,325.96
650,314,7,1,1121.99
651,314,61,2,81.97
652,315,7,1,1009.79
653,315,49,1,73.15
654,315,11,1,415.01
655,315,58,1,77.56
656,315,58,1,77.56
657,316,1,2,619.47
658,317,59,3,90.89
659,317,7,2,1121.99
660,318,47,2,753.73
661,318,13,2,356.2
662,319,38,1,19.71
663,319,14,1,201.94
664,320,53,1,553.58
665,320,26,1,144.52
666,320,28,1,115.57
667,321,16,2,344.85
668,321,59,1,81.8
669,322,56,2,57.58
670,322,23,1,144.31
671,322,17,1,92.21
672,323,50,1,51.37
673,323,32,1,54.67
674,324,39,2,17.07
675,325,38,1,16.75
676,326,42,2,44.87
677,326,62,1,23.35
678,326,54,1,572.16
679,326,37,2,24.15
680,326,2,1,798.46
681,327,35,2,34.21
682,328,38,1,17.74
683,328,5,1,982.53
684,328,14,1,171.65
685,329,37,1,24.15
686,330,41,3,58.71
687,330,2,2,798.46
688,330,57,2,101.05
689,331,26,2,144.52
690,331,38,1,16.75
691,332,16,1,344.85
692,332,36,1,58.83
693,332,21,1,61.68
694,333,6,1,1084.38
695,333,7,2,953.69
696,333,39,1,17.07
697,333,46,1,135.77
698,334,9,2,844.21
699,335,29,2,131.13
700,336,61,3,69.67
701,337,32,3,46.47
702,337,42,1,44.87
703,338,48,1,594.32
704,339,25,1,36.75
705,339,13,1,320.58
706,339,1,1,688.3
707,339,28,2,115.57
708,340,56,1,57.58
709,340,20,1,28.7
710,340,43,1,53.42
711,341,30,3,146.51
712,341,50,1,57.08
713,342,1,1,619.47
714,342,9,2,759.79
715,343,39,1,18.97
716,344,4,1,206.88
717,344,29,1,154.27
718,344,38,3,19.71
719,345,19,1,289.44
720,345,51,1,456.83
721,345,40,1,31.2
722,345,45,1,325.96
723,346,33,1,116.46
724,347,9,1,844.21
725,348,31,1,58.73
726,348,9,3,844.21
727,349,20,1,33.76
728,349,41,3,58.71
729,350,56,1,57.58
730,351,60,1,31.27
731,351,63,1,8.3
732,351,11,2,461.12
733,351,26,1,122.84
734,352,52,2,795.23
735,352,5,1,884.28
736,353,51,1,411.15
737,354,12,1,1133.68
738,354,2,1,718.61
739,355,21,1,55.51
740,356,46,1,159.73
741,356,30,1,146.51
742,357,47,1,753.73
743,357,6,1,921.72
744,358,36,2,58.83
745,358,23,1,144.31
746,359,29,1,154.27
747,360,57,1,118.88
748,360,36,1,58.83
749,360,21,1,52.43
750,360,16,1,344.85
751,361,62,1,27.47
752,361,53,1,615.09
753,362,6,2,1084.38
754,363,52,1,715.71
755,364,37,3,24.15
756,364,58,1,77.56
757,364,62,1,27.47
758,365,24,1,97.52
759,365,34,1,45.33
760,365,44,3,48.28
761,366,14,1,181.75
762,367,13,1,320.58
763,368,16,1,293.12
764,368,17,3,97.63
765,369,6,1,1084.38
766,369,30,3,146.51
767,370,13,1,356.2
768,370,62,2,27.47
769,370,37,1,21.73
770,371,1,1,688.3
771,371,1,1,688.3
772,371,41,1,58.71
773,372,55,1,59.88
774,373,62,1,24.72
775,374,45,2,383.48
776,375,30,1,124.53
777,375,21,1,55.51
778,376,7,1,953.69
779,376,1,2,688.3
780,377,29,1,138.84
781,378,8,3,463.52
782,378,64,1,74.51
783,378,37,1,21.73
784,379,5,1,835.15
785,379,1,3,688.3
786,380,52,1,715.71
787,380,2,2,798.46
788,381,36,1,58.83
789,381,59,3,81.8
790,381,1,1,688.3
791,381,14,1,181.75
792,381,38,1,19.71
793,382,33,1,116.46
794,382,62,2,27.47
795,382,59,1,81.8
796,383,29,1,154.27
797,384,2,2,798.46
798,384,32,1,54.67
799,385,41,1,52.84
800,386,25,1,36.75
801,386,31,2,65.25
802,387,46,1,159.73
803,388,1,2,619.47
804,388,6,2,1084.38
805,389,36,1,52.95
806,389,36,1,52.95
807,389,17,1,108.48
808,389,62,3,27.47
809,389,45,1,325.96
810,390,59,1,90.89
811,391,42,1,44.87
812,391,24,1,108.35
813,392,24,1,108.35
814,393,52,1,795.23
815,394,13,2,356.2
816,394,56,2,57.58
817,395,23,1,144.31
818,395,41,2,58.71
819,395,33,1,104.81
820,396,28,2,115.57
821,397,47,1,678.36
822,398,26,1,122.84
823,399,46,1,143.76
824,399,63,2,8.3
825,399,11,1,461.12
826,400,44,1,48.28
827,400,52,2,795.23
828,400,11,1,461.12
829,400,41,1,58.71
830,401,57,2,118.88
831,402,22,1,210.77
832,402,17,2,92.21
833,403,22,1,210.77
834,404,51,1,456.83
835,405,50,1,57.08
836,406,22,1,179.15
837,407,35,1,34.21
838,407,23,1,144.31
839,408,40,3,36.71
840,408,30,2,146.51
841,409,2,1,798.46
842,410,63,3,8.3
843,411,30,2,131.86
844,411,48,1,594.32
845,411,56,1,57.58
846,412,11,1,461.12
847,413,35,1,34.21
848,413,24,1,108.35
849,413,59,1,90.89
850,414,3,1,1286.4
851,415,2,1,798.46
852,415,2,1,798.46
853,416,48,1,660.36
854,416,43,1,53.42
855,417,61,1,81.97
856,418,32,1,54.67
857,418,32,2,54.67
858,418,26,1,144.52
859,419,42,1,38.14
860,419,6,2,975.94
861,419,16,1,293.12
862,419,39,1,18.97
863,419,28,3,115.57
864,420,36,1,58.83
865,421,61,1,81.97
866,421,48,2,660.36
867,422,8,1,393.99
868,422,20,2,33.76
869,423,45,2,383.48
870,423,25,1,36.75
871,423,46,2,159.73
872,423,6,1,1084.38
873,423,38,1,19.71
874,424,36,2,52.95
875,424,21,1,61.68
876,424,58,1,77.56
877,425,49,2,73.15
878,425,47,2,753.73
879,425,42,2,38.14
880,426,20,1,33.76
881,426,53,1,615.09
882,426,13,1,356.2
883,427,14,1,201.94
884,428,63,1,7.06
885,429,10,1,698.52
886,430,60,2,31.27
887,430,47,1,753.73
888,430,48,2,660.36
889,431,39,1,18.97
890,431,13,1,356.2
891,431,50,1,51.37
892,432,54,2,540.37
893,432,46,1,135.77
894,432,55,2,66.53
895,432,24,1,97.52
896,433,46,3,143.76
897,433,42,2,44.87
898,434,28,1,104.01
899,435,51,1,456.83
900,435,37,1,21.73
901,436,28,2,115.57
902,436,36,3,52.95
903,436,20,1,33.76
904,436,46,1,159.73
905,436,47,2,753.73
906,437,52,1,795.23
907,438,23,1,122.66
908,438,13,1,356.2
909,438,5,2,884.28
910,439,43,1,53.42
911,439,54,3,635.73
912,439,30,2,131.86
913,439,2,1,678.69
914,440,20,1,28.7
915,441,51,3,411.15
916,441,12,1,1259.64
917,441,51,1,456.83
918,442,52,1,795.23
919,443,18,1,155.93
920,444,32,1,54.67
921,445,12,1,1259.64
922,445,55,1,66.53
923,445,42,1,38.14
924,445,4,2,229.87
925,446,19,1,289.44
926,446,26,1,144.52
927,446,11,1,461.12
928,447,15,1,170.23
929,447,3,1,1093.44
930,448,34,1,48.0
931,448,19,1,246.02
932,449,6,1,1084.38
933,449,37,1,20.53
934,450,2,1,678.69
935,450,35,1,29.08
936,451,50,1,57.08
937,451,13,3,356.2
938,451,12,1,1133.68
939,451,59,1,77.26
940,452,43,1,45.41
941,452,21,1,52.43
942,453,36,2,50.01
943,454,4,3,229.87
944,454,29,1,154.27
945,454,18,1,155.93
946,455,55,3,59.88
947,455,43,1,53.42
948,456,18,1,132.54
949,456,18,1,155.93
950,456,21,1,55.51
951,457,19,2,289.44
952,458,36,1,58.83
953,458,14,1,201.94
954,458,35,1,30.79
955,459,46,1,159.73
956,459,18,1,140.34
957,460,50,1,57.08
958,461,2,3,798.46
959,461,29,2,154.27
960,462,57,2,118.88
961,462,42,2,44.87
962,462,55,1,66.53
963,462,49,2,73.15
964,463,5,1,982.53
965,463,59,2,90.89
966,464,7,1,1121.99
967,464,51,2,456.83
968,465,7,1,1121.99
969,465,60,2,31.27
970,466,18,1,155.93
971,466,58,1,77.56
972,467,12,1,1070.69
973,467,21,2,61.68
974,467,12,1,1259.64
975,467,47,1,640.67
976,468,22,3,189.69
977,469,7,1,1121.99
978,470,24,1,108.35
979,471,59,1,90.89
980,472,28,1,115.57
981,472,59,1,90.89
982,473,36,1,52.95
983,473,27,1,124.68
984,473,8,1,463.52
985,473,19,2,246.02
986,474,54,3,635.73
987,475,23,3,122.66
988,475,47,3,753.73
989,476,9,2,759.79
990,476,9,1,844.21
991,476,16,1,344.85
992,476,43,1,48.08
993,477,12,1,1070.69
994,477,37,1,24.15
995,478,17,1,108.48
996,478,64,1,74.51
997,479,1,1,688.3
998,479,16,2,344.85
999,479,54,1,635.73
1000,479,45,1,325.96
1001,479,28,1,115.57
1002,480,39,1,18.97
1003,481,51,2,411.15
1004,482,62,3,27.47
1005,482,18,1,132.54
1006,482,59,2,81.8
1007,483,8,2,463.52
1008,483,41,1,58.71
1009,484,46,1,159.73
1010,484,36,2,58.83
1011,484,49,1,73.15
1012,485,40,2,36.71
1013,485,5,1,982.53
1014,486,39,1,18.97
1015,486,23,1,144.31
1016,486,26,3,144.52
1017,487,20,1,33.76
1018,487,40,2,36.71
1019,487,13,2,320.58
1020,487,17,1,108.48
1021,488,1,1,688.3
1022,488,12,1,1259.64
1023,489,3,1,1286.4
1024,489,27,1,124.68
1025,489,37,1,24.15
1026,490,15,1,153.21
1027,491,41,1,49.9
1028,491,37,1,24.15
1029,492,57,1,118.88
1030,493,12,1,1259.64
1031,494,58,1,77.56
1032,494,43,2,45.41
1033,495,60,1,31.27
1034,496,60,1,31.27
1035,497,43,2,53.42
1036,497,59,1,90.89
1037,498,22,1,210.77
1038,498,17,1,108.48
1039,499,39,1,18.97
1040,499,53,1,615.09
1041,500,44,1,45.59
1042,501,44,1,53.64
1043,501,23,1,144.31
1044,502,42,1,44.87
1045,502,23,1,144.31
1046,503,49,1,62.18
1047,503,8,1,463.52
1048,503,1,2,585.05
1049,504,58,1,65.93
1050,505,39,3,18.97
1051,505,45,3,345.13
1052,505,2,1,718.61
1053,505,52,2,795.23
1054,506,1,2,688.3
1055,506,15,2,170.23
1056,506,31,1,58.73
1057,506,51,1,388.31
1058,506,49,1,73.15
1059,507,25,1,36.75
1060,507,54,1,540.37
1061,508,19,2,289.44
1062,508,56,3,57.58
1063,509,59,2,77.26
1064,509,55,1,66.53
1065,510,46,1,159.73
1066,510,1,1,585.05
1067,511,47,1,753.73
1068,511,62,2,27.47
1069,512,36,1,58.83
1070,513,10,1,628.67
1071,513,40,1,36.71
1072,513,2,1,718.61
1073,514,38,1,19.71
1074,514,39,2,17.07
1075,515,7,1,1121.99
1076,515,4,1,229.87
1077,516,33,1,116.46
1078,516,36,2,58.83
1079,516,15,1,153.21
1080,517,23,1,122.66
1081,518,5,1,982.53
1082,518,19,1,289.44
1083,519,22,1,179.15
1084,519,45,1,383.48
1085,519,15,1,170.23
1086,520,30,1,124.53
1087,520,50,1,57.08
1088,520,56,1,57.58
1089,521,46,3,159.73
1090,521,35,1,34.21
1091,522,31,2,58.73
1092,523,24,1,108.35
1093,523,2,2,798.46
1094,524,45,1,383.48
1095,524,33,1,116.46
1096,525,28,3,98.23
1097,525,16,2,344.85
1098,526,24,2,92.1
1099,526,24,1,108.35
1100,527,36,2,50.01
1101,527,42,1,44.87
1102,527,36,2,58.83
1103,527,50,1,57.08
1104,528,26,1,144.52
1105,529,56,1,48.94
1106,529,14,3,171.65
1107,530,33,2,116.46
1108,531,5,1,982.53
1109,532,63,1,8.3
1110,532,9,1,844.21
1111,533,43,1,53.42
1112,533,8,1,393.99
1113,533,12,1,1259.64
1114,533,11,2,461.12
1115,533,26,1,144.52
1116,534,46,1,135.77
1117,534,57,2,118.88
1118,534,5,1,835.15
1119,534,31,1,65.25
1120,535,58,3,77.56
1121,535,5,1,982.53
1122,536,59,3,81.8
1123,537,19,1,289.44
1124,538,17,1,92.21
1125,538,7,3,1121.99
1126,538,59,1,81.8
1127,539,29,1,154.27
1128,539,55,1,56.55
1129,540,18,1,155.93
1130,540,6,1,1084.38
1131,540,9,1,844.21
1132,540,54,1,635.73
1133,540,22,1,189.69
1134,541,49,2,73.15
1135,541,63,1,8.3
1136,541,23,3,122.66
1137,542,61,1,81.97
1138,542,19,1,260.5
1139,543,5,1,835.15
1140,544,54,1,635.73
1141,545,47,2,678.36
1142,545,29,1,131.13
1143,545,27,1,124.68
1144,545,15,2,144.7
1145,545,61,1,81.97
1146,546,27,1,124.68
1147,547,7,3,1121.99
1148,548,31,2,58.73
1149,549,42,1,44.87
1150,549,42,1,44.87
1151,549,53,2,615.09
1152,550,56,1,51.82
1153,550,59,1,90.89
1154,551,35,1,34.21
1155,551,5,1,982.53
1156,552,54,1,635.73
1157,552,29,2,138.84
1158,553,30,1,131.86
1159,553,63,2,8.3
1160,553,61,2,81.97
1161,553,2,2,678.69
1162,554,20,3,33.76
1163,554,54,3,635.73
1164,555,51,1,388.31
1165,556,2,1,798.46
1166,557,12,1,1070.69
1167,558,4,3,229.87
1168,558,18,2,155.93
1169,558,24,2,108.35
1170,558,60,2,31.27
1171,559,5,1,982.53
1172,559,27,2,124.68
1173,560,47,2,753.73
1174,561,47,1,678.36
1175,562,18,3,155.93
1176,562,15,1,144.7
1177,562,27,2,124.68
1178,563,55,1,66.53
1179,563,48,1,660.36
1180,564,38,1,19.71
1181,564,9,1,844.21
1182,565,10,1,698.52
1183,566,3,1,1093.44
1184,567,3,1,1286.4
1185,567,3,2,1286.4
1186,568,42,1,38.14
1187,568,57,1,106.99
1188,569,62,1,27.47
1189,570,22,1,210.77
1190,571,20,1,33.76
1191,571,6,3,975.94
1192,571,17,1,108.48
1193,571,24,1,92.1
1194,571,5,1,982.53
1195,572,39,1,18.97
1196,572,52,3,795.23
1197,572,59,3,90.89
1198,572,1,3,619.47
1199,572,43,1,53.42
1200,573,19,2,246.02
1201,573,57,1,118.88
1202,573,62,3,27.47
1203,574,29,1,154.27
1204,575,29,2,154.27
1205,576,12,3,1259.64
1206,576,25,1,33.08
1207,576,8,3,463.52
1208,577,50,1,57.08
1209,577,45,1,383.48
1210,578,54,2,635.73
1211,578,21,2,61.68
1212,578,54,1,572.16
1213,578,12,1,1259.64
1214,579,49,1,73.15
1215,580,18,1,155.93
1216,580,38,1,19.71
1217,581,4,2,229.87
1218,581,34,1,45.33
1219,582,37,1,24.15
1220,582,32,1,54.67
1221,583,62,1,27.47
1222,584,34,1,53.33
1223,584,19,1,246.02
1224,585,54,1,635.73
1225,586,10,1,593.74
1226,586,24,2,97.52
1227,587,39,1,16.12
1228,587,47,1,678.36
1229,587,46,2,159.73
1230,587,18,1,155.93
1231,588,28,1,115.57
1232,589,15,1,170.23
1233,589,15,2,170.23
1234,590,57,2,106.99
1235,591,16,1,293.12
1236,592,11,1,461.12
1237,593,6,1,1084.38
1238,593,8,1,463.52
1239,593,6,1,921.72
1240,594,27,1,124.68
1241,595,36,3,58.83
1242,596,31,1,65.25
1243,596,13,2,356.2
1244,596,28,2,115.57
1245,597,28,3,98.23
1246,598,14,1,201.94
1247,599,15,2,170.23
1248,600,47,2,678.36
1249,601,50,1,51.37
1250,601,40,1,36.71
1251,602,55,1,66.53
1252,602,61,3,81.97
1253,602,23,1,122.66
1254,602,63,1,8.3
1255,602,57,1,101.05
1256,603,14,2,201.94
1257,603,9,1,844.21
1258,604,16,1,344.85
1259,604,64,1,63.33
1260,604,35,2,29.08
1261,604,52,1,675.95
1262,604,52,3,715.71
1263,605,33,1,116.46
1264,606,9,1,844.21
1265,606,23,1,122.66
1266,606,42,1,40.38
1267,607,64,2,74.51
1268,607,38,1,19.71
1269,608,3,3,1286.4
1270,608,56,2,57.58
1271,608,50,1,57.08
1272,609,39,2,18.97
1273,610,63,2,7.47
1274,610,63,1,7.06
1275,610,61,1,81.97
1276,611,49,1,73.15
1277,611,37,1,24.15
1278,612,4,2,195.39
1279,613,46,1,159.73
1280,614,11,3,461.12
1281,614,40,1,36.71
1282,615,54,1,540.37
1283,615,61,1,81.97
1284,615,49,1,73.15
1285,615,13,2,356.2
1286,616,44,1,53.64
1287,616,47,3,753.73
1288,616,64,1,74.51
1289,617,52,2,715.71
1290,618,44,1,48.28
1291,618,61,1,81.97
1292,619,39,1,17.07
1293,619,41,1,58.71
1294,620,24,2,92.1
1295,620,24,1,108.35
1296,621,56,3,48.94
1297,621,8,1,463.52
1298,622,39,2,18.97
1299,622,41,2,58.71
1300,622,27,2,124.68
1301,623,31,1,65.25
1302,623,20,1,33.76
1303,624,55,1,66.53
1304,624,26,1,144.52
1305,624,4,1,229.87
1306,624,23,1,144.31
1307,624,63,2,8.3
1308,625,53,2,522.83
1309,625,12,1,1070.69
1310,625,18,1,140.34
1311,625,16,1,310.37
1312,626,31,1,65.25
1313,626,43,2,45.41
1314,626,50,2,48.52
1315,626,31,3,65.25
1316,627,57,1,106.99
1317,627,8,1,463.52
1318,627,15,1,170.23
1319,627,61,1,81.97
1320,627,19,1,246.02
1321,628,5,2,835.15
1322,628,7,1,953.69
1323,628,31,1,65.25
1324,628,40,1,31.2
1325,628,47,3,640.67
1326,629,50,1,57.08
1327,629,33,1,116.46
1328,629,39,1,18.97
1329,629,57,1,101.05
1330,630,63,1,8.3
1331,631,13,2,302.77
1332,631,34,1,53.33
1333,631,54,1,572.16
1334,631,42,1,44.87
1335,632,57,2,118.88
1336,633,32,1,46.47
1337,634,41,1,49.9
1338,634,18,1,132.54
1339,635,54,1,635.73
1340,636,30,3,146.51
1341,636,26,1,144.52
1342,636,7,1,1121.99
1343,636,34,1,53.33
1344,637,59,2,90.89
1345,637,16,1,344.85
1346,638,17,1,108.48
1347,638,28,3,115.57
1348,639,19,1,289.44
1349,640,59,1,90.89
1350,641,28,2,98.23
1351,642,7,1,1121.99
1352,642,61,3,73.77
1353,643,49,1,73.15
1354,644,6,1,1084.38
1355,644,22,1,210.77
1356,644,60,1,31.27
1357,644,56,1,57.58
1358,645,36,2,58.83
1359,645,37,3,24.15
1360,646,41,2,58.71
1361,646,20,1,28.7
1362,646,57,1,118.88
1363,646,7,1,1121.99
1364,647,15,3,170.23
1365,647,6,1,921.72
1366,648,19,1,289.44
1367,649,35,1,29.08
1368,650,24,1,108.35
1369,650,32,2,46.47
1370,650,13,2,356.2
1371,650,37,1,20.53
1372,650,16,1,310.37
1373,651,62,1,27.47
1374,652,58,1,65.93
1375,652,17,1,108.48
1376,653,10,1,628.67
1377,654,52,1,795.23
1378,655,20,1,33.76
1379,656,17,1,108.48
1380,657,50,1,51.37
1381,657,55,1,66.53
1382,658,12,1,1259.64
1383,658,60,1,26.58
1384,659,11,1,461.12
1385,659,11,3,461.12
1386,660,39,2,17.07
1387,660,55,1,66.53
1388,661,55,1,66.53
1389,661,33,1,104.81
1390,662,23,2,144.31
1391,662,6,1,921.72
1392,663,58,1,77.56
1393,663,44,3,53.64
1394,664,34,2,53.33
1395,664,56,1,57.58
1396,664,51,1,456.83
1397,664,62,1,27.47
1398,664,63,1,7.47
1399,665,51,2,456.83
1400,665,17,1,108.48
1401,666,4,1,195.39
1402,667,25,1,36.75
1403,667,19,1,289.44
1404,667,15,1,170.23
1405,668,32,1,49.2
1406,668,51,1,456.83
1407,668,14,1,171.65
1408,668,56,3,57.58
1409,669,38,1,19.71
1410,669,63,1,7.06
1411,670,55,1,59.88
1412,670,9,1,717.58
1413,671,45,1,383.48
1414,671,3,1,1093.44
1415,672,29,1,131.13
1416,673,50,3,48.52
1417,673,47,2,753.73
1418,673,27,1,105.98
1419,673,12,1,1259.64
1420,674,54,3,635.73
1421,674,39,1,17.07
1422,675,21,1,55.51
1423,676,30,1,146.51
1424,677,6,2,975.94
1425,677,35,2,29.08
1426,677,14,2,201.94
1427,678,14,2,201.94
1428,679,27,3,124.68
1429,680,64,2,74.51
1430,680,20,1,33.76
1431,680,18,1,155.93
1432,681,61,1,73.77
1433,682,54,1,540.37
1434,682,32,1,49.2
1435,682,54,2,635.73
1436,683,47,3,753.73
1437,683,19,2,246.02
1438,683,9,1,844.21
1439,683,52,3,795.23
1440,684,20,3,33.76
1441,685,39,2,18.97
1442,685,45,1,383.48
1443,686,57,1,101.05
1444,686,52,2,795.23
1445,687,17,1,97.63
1446,688,44,2,53.64
1447,688,3,1,1157.76
1448,689,55,3,66.53
1449,689,8,2,463.52
1450,689,46,1,135.77
1451,690,59,1,90.89
1452,690,30,1,146.51
1453,690,18,2,140.34
1454,691,25,2,36.75
1455,691,59,1,77.26
1456,692,17,1,108.48
1457,693,51,2,411.15
1458,693,64,1,74.51
1459,694,21,1,61.68
1460,694,63,2,8.3
1461,695,28,1,115.57
1462,696,16,1,344.85
1463,697,20,1,33.76
1464,698,19,1,260.5
1465,699,37,1,20.53
1466,700,6,1,975.94
1467,701,49,1,62.18
1468,702,59,2,77.26
1469,702,58,1,65.93
1470,703,53,1,615.09
1471,703,44,1,45.59
1472,704,22,2,189.69
1473,705,11,1,415.01
1474,706,25,2,33.08
1475,706,3,1,1157.76
1476,706,24,3,108.35
1477,706,27,1,105.98
1478,706,57,1,106.99
1479,707,3,1,1286.4
1480,708,33,1,116.46
1481,709,12,1,1259.64
1482,710,24,1,108.35
1483,710,39,1,18.97
1484,710,19,1,289.44
1485,710,34,1,53.33
1486,710,7,1,1009.79
1487,711,50,3,57.08
1488,711,8,1,417.17
1489,711,53,1,615.09
1490,712,35,1,30.79
1491,712,13,1,320.58
1492,712,17,1,108.48
1493,712,58,1,65.93
1494,713,22,2,189.69
1495,714,38,1,19.71
1496,714,1,1,688.3
1497,715,45,2,383.48
1498,715,37,1,20.53
1499,716,16,2,293.12
1500,717,41,2,58.71
1501,718,35,1,34.21
1502,718,44,1,48.28
1503,718,43,1,45.41
1504,719,1,3,585.05
1505,719,23,1,122.66
1506,720,10,1,593.74
1507,720,57,1,118.88
1508,721,2,1,798.46
1509,722,36,1,50.01
1510,722,46,1,143.76
1511,722,39,2,18.97
1512,723,64,3,63.33
1513,724,51,1,456.83
1514,724,64,1,74.51
1515,724,23,1,144.31
1516,724,9,1,759.79
1517,724,30,2,124.53
1518,725,33,1,116.46
1519,726,42,1,44.87
1520,727,47,1,753.73
1521,727,29,1,154.27
1522,728,43,1,48.08
1523,729,32,1,54.67
1524,730,62,1,27.47
1525,731,32,1,54.67
1526,731,44,2,53.64
1527,731,31,3,58.73
1528,732,16,1,344.85
1529,732,5,1,835.15
1530,733,8,1,393.99
1531,733,56,1,48.94
1532,733,8,1,463.52
1533,734,30,2,124.53
1534,734,2,1,798.46
1535,734,55,2,59.88
1536,735,4,1,229.87
1537,735,25,1,36.75
1538,736,17,1,108.48
1539,737,24,1,108.35
1540,737,8,1,417.17
1541,738,19,1,289.44
1542,738,44,1,53.64
1543,739,7,1,1121.99
1544,740,60,1,31.27
1545,740,43,1,53.42
1546,741,6,1,1084.38
1547,741,29,1,154.27
1548,741,28,1,98.23
1549,741,43,2,53.42
1550,742,47,1,753.73
1551,742,4,1,229.87
1552,742,38,1,16.75
1553,742,47,1,753.73
1554,742,26,1,144.52
1555,743,32,1,54.67
1556,744,18,1,155.93
1557,745,48,1,594.32
1558,746,19,2,289.44
1559,747,41,1,49.9
1560,747,32,3,49.2
1561,748,20,1,33.76
1562,749,63,1,8.3
1563,749,61,2,73.77
1564,749,9,1,844.21
1565,749,48,1,660.36
1566,750,62,2,27.47
1567,750,61,1,81.97
1568,751,58,2,77.56
1569,751,28,1,115.57
1570,751,21,3,61.68
1571,751,33,1,116.46
1572,752,30,1,146.51
1573,752,44,1,53.64
1574,753,35,1,34.21
1575,753,57,1,101.05
1576,754,11,2,461.12
1577,755,26,1,122.84
1578,756,36,1,52.95
1579,756,18,3,132.54
1580,756,34,1,53.33
1581,757,52,2,675.95
1582,757,2,1,718.61
1583,758,27,1,112.21
1584,759,60,1,31.27
1585,759,41,2,58.71
1586,759,54,1,635.73
1587,760,17,1,92.21
1588,760,2,1,678.69
1589,761,52,2,675.95
1590,761,39,1,18.97
1591,762,43,1,48.08
1592,763,27,3,124.68
1593,763,50,1,57.08
1594,763,43,1,53.42
1595,763,39,1,18.97
1596,763,23,1,122.66
1597,764,50,1,57.08
1598,765,2,1,798.46
1599,766,54,1,635.73
1600,767,56,2,48.94
1601,768,26,1,122.84
1602,768,59,1,90.89
1603,768,19,1,289.44
1604,768,32,1,49.2
1605,769,12,1,1259.64
1606,770,23,1,144.31
1607,770,56,1,48.94
1608,770,24,1,108.35
1609,771,21,1,52.43
1610,772,28,3,115.57
1611,773,42,1,44.87
1612,774,10,1,593.74
1613,774,60,1,26.58
1614,775,15,2,170.23
1615,776,32,2,54.67
1616,777,22,2,189.69
1617,777,13,1,356.2
1618,777,51,1,388.31
1619,778,46,1,135.77
1620,779,7,2,1009.79
1621,779,14,1,201.94
1622,780,49,2,73.15
1623,781,4,3,229.87
1624,782,22,2,210.77
1625,782,54,1,635.73
1626,782,42,1,44.87
1627,782,27,3,124.68
1628,783,42,1,44.87
1629,784,29,1,154.27
1630,785,28,1,104.01
1631,786,22,1,210.77
1632,786,42,3,38.14
1633,786,50,1,48.52
1634,787,41,3,49.9
1635,787,62,1,27.47
1636,787,58,1,65.93
1637,788,2,1,718.61
1638,788,16,1,293.12
1639,788,55,2,59.88
1640,789,26,1,144.52
1641,789,5,1,835.15
1642,790,36,1,58.83
1643,791,4,1,195.39
1644,792,32,2,46.47
1645,792,29,1,154.27
1646,793,9,2,844.21
1647,793,25,1,36.75
1648,794,27,1,124.68
1649,794,55,2,66.53
1650,795,32,1,49.2
1651,795,58,3,77.56
1652,796,51,1,456.83
1653,796,57,1,106.99
1654,796,56,2,57.58
1655,796,3,2,1286.4
1656,796,11,2,461.12
1657,797,60,1,31.27
1658,798,18,2,155.93
1659,799,48,1,660.36
1660,799,51,3,456.83
1661,799,50,1,48.52
1662,799,10,1,698.52
1663,800,56,3,48.94
1664,801,48,1,561.31
1665,801,50,3,48.52
1666,802,47,1,640.67
1667,802,4,1,195.39
1668,802,19,1,289.44
1669,802,19,1,260.5
1670,803,12,1,1259.64
1671,804,25,2,36.75
1672,804,55,1,66.53
1673,804,49,1,62.18
1674,804,53,2,522.83
1675,805,45,2,383.48
1676,805,27,3,124.68
1677,805,40,1,36.71
1678,806,54,1,540.37
1679,806,37,2,24.15
1680,806,23,1,122.66
1681,807,15,1,170.23
1682,807,24,1,92.1
1683,808,57,1,106.99
1684,808,14,2,201.94
1685,808,11,1,461.12
1686,808,16,1,344.85
1687,809,13,1,356.2
1688,809,1,1,688.3
1689,810,35,3,34.21
1690,811,44,3,53.64
1691,812,46,2,159.73
1692,812,1,1,585.05
1693,813,36,3,58.83
1694,813,48,1,561.31
1695,813,61,1,69.67
1696,813,25,1,31.24
1697,814,42,1,44.87
1698,814,63,1,7.47
1699,814,11,1,461.12
1700,814,13,2,356.2
1701,815,5,1,982.53
1702,815,39,2,17.07
1703,815,60,1,31.27
1704,815,15,1,153.21
1705,816,12,1,1070.69
1706,816,4,1,229.87
1707,816,50,2,57.08
1708,817,16,1,310.37
1709,817,63,1,7.06
1710,817,43,2,48.08
1711,817,9,1,844.21
1712,817,49,1,65.84
1713,818,12,1,1259.64
1714,819,49,1,73.15
1715,819,40,1,33.04
1716,819,25,2,36.75
1717,819,41,2,49.9
1718,820,14,1,181.75
1719,820,59,1,90.89
1720,821,5,1,982.53
1721,822,62,1,27.47
1722,822,64,1,74.51
1723,822,8,3,463.52
1724,822,20,2,33.76
1725,822,29,2,154.27
1726,823,39,3,16.12
1727,823,21,3,55.51
1728,823,51,1,388.31
1729,824,37,1,24.15
1730,825,7,2,953.69
1731,825,39,1,18.97
1732,825,18,1,155.93
1733,826,26,2,144.52
1734,826,47,2,678.36
1735,826,14,1,201.94
1736,827,8,1,463.52
1737,828,44,1,53.64
1738,828,52,1,795.23
1739,829,23,1,144.31
1740,829,12,2,1070.69
1741,830,2,1,798.46
1742,830,16,1,293.12
1743,831,62,1,23.35
1744,831,13,2,356.2
1745,832,13,1,302.77
1746,832,24,1,92.1
1747,833,9,1,759.79
1748,833,16,2,344.85
1749,834,24,1,108.35
1750,834,41,1,58.71
1751,835,33,2,116.46
1752,836,22,1,179.15
1753,837,38,1,19.71
1754,837,18,1,132.54
1755,837,41,1,58.71
1756,837,27,1,105.98
1757,838,28,3,104.01
1758,839,55,1,66.53
1759,840,59,1,90.89
1760,841,27,1,105.98
1761,842,48,1,561.31
1762,843,41,3,58.71
1763,843,49,1,65.84
1764,843,32,1,54.67
1765,844,43,1,53.42
1766,844,43,2,53.42
1767,845,29,1,154.27
1768,846,63,1,8.3
1769,846,37,1,21.73
1770,846,13,2,356.2
1771,846,41,3,58.71
1772,847,52,1,795.23
1773,847,34,1,48.0
1774,848,35,1,29.08
1775,849,54,2,635.73
1776,850,36,3,52.95
1777,850,30,1,146.51
1778,851,11,1,461.12
1779,851,12,1,1259.64
1780,851,11,2,415.01
1781,852,18,1,140.34
1782,852,16,1,310.37
1783,853,45,1,325.96
1784,853,6,1,1084.38
1785,854,18,1,155.93
1786,855,32,2,54.67
1787,856,1,2,619.47
1788,857,5,3,884.28
1789,857,63,1,8.3
1790,857,59,1,90.89
1791,857,14,1,171.65
1792,858,63,1,7.47
1793,859,1,1,585.05
1794,859,33,1,116.46
1795,859,48,1,660.36
1796,859,24,1,108.35
1797,860,18,1,155.93
1798,860,1,1,585.05
1799,861,51,1,456.83
1800,862,35,1,34.21
1801,862,64,2,63.33
1802,862,17,1,108.48
1803,862,50,1,57.08
1804,863,31,1,65.25
1805,863,55,3,56.55
1806,864,11,2,461.12
1807,865,36,2,58.83
1808,866,61,2,81.97
1809,866,24,1,97.52
1810,867,36,3,58.83
1811,867,55,1,66.53
1812,868,30,1,146.51
1813,868,62,1,27.47
1814,869,36,3,50.01
1815,870,6,1,921.72
1816,871,13,1,356.2
1817,871,63,1,8.3
1818,872,17,1,92.21
1819,872,47,2,678.36
1820,873,50,1,57.08
1821,874,25,1,36.75
1822,875,39,2,18.97
1823,875,20,1,33.76
1824,876,45,2,383.48
1825,876,16,3,344.85
1826,876,62,1,24.72
1827,876,3,1,1286.4
1828,877,8,2,393.99
1829,877,25,2,36.75
1830,877,64,1,67.06
1831,877,10,1,628.67
1832,877,50,1,57.08
1833,878,28,1,115.57
1834,879,34,1,53.33
1835,879,38,2,17.74
1836,879,16,1,344.85
1837,880,36,3,58.83
1838,880,7,1,1121.99
1839,881,48,1,561.31
1840,881,34,2,53.33
1841,882,2,2,798.46
1842,883,14,2,171.65
1843,883,49,3,73.15
1844,883,27,2,124.68
1845,883,42,1,40.38
1846,883,51,1,456.83
1847,884,62,1,27.47
1848,885,63,3,8.3
1849,886,23,2,122.66
1850,887,32,1,46.47
1851,888,2,1,798.46
1852,889,6,1,1084.38
1853,890,2,3,798.46
1854,890,44,2,53.64
1855,891,57,2,118.88
1856,891,43,1,53.42
1857,892,6,1,1084.38
1858,893,1,3,688.3
1859,893,30,1,146.51
1860,894,15,1,170.23
1861,894,29,1,154.27
1862,895,11,2,415.01
1863,896,24,1,108.35
1864,897,45,2,383.48
1865,897,64,1,74.51
1866,897,10,2,698.52
1867,898,62,2,27.47
1868,898,55,3,66.53
1869,899,50,1,57.08
1870,900,43,1,45.41
1871,900,32,1,49.2
1872,901,50,1,48.52
1873,901,54,1,540.37
1874,901,29,2,154.27
1875,902,47,1,753.73
1876,902,15,1,170.23
1877,902,47,2,753.73
1878,902,38,1,17.74
1879,903,18,1,132.54
1880,904,55,1,56.55
1881,905,21,1,61.68
1882,905,19,1,289.44
1883,906,24,1,108.35
1884,906,39,1,16.12
1885,907,37,1,24.15
1886,907,5,1,982.53
1887,908,59,1,90.89
1888,908,40,2,36.71
1889,908,21,1,61.68
1890,909,28,1,115.57
1891,910,10,2,698.52
1892,910,62,1,23.35
1893,910,52,2,795.23
1894,911,14,1,201.94
1895,912,37,1,24.15
1896,913,40,1,36.71
1897,913,5,1,982.53
1898,913,6,1,1084.38
1899,914,2,3,798.46
1900,914,51,1,456.83
1901,914,51,2,456.83
1902,914,13,1,302.77
1903,915,4,1,229.87
1904,915,62,1,27.47
1905,915,38,1,16.75
1906,916,30,2,124.53
1907,917,44,1,53.64
1908,918,56,1,48.94
1909,918,50,1,51.37
1910,918,10,3,628.67
1911,918,64,1,74.51
1912,919,12,1,1259.64
1913,919,41,1,58.71
1914,919,21,1,55.51
1915,920,59,1,90.89
1916,921,63,1,8.3
1917,921,52,1,715.71
1918,921,17,1,97.63
1919,921,41,1,49.9
1920,922,6,1,921.72
1921,922,8,2,463.52
1922,922,2,1,798.46
1923,922,38,1,17.74
1924,923,12,1,1259.64
1925,923,60,1,31.27
1926,923,14,3,201.94
1927,923,56,1,57.58
1928,924,28,2,115.57
1929,924,15,1,170.23
1930,925,28,1,115.57
1931,926,56,3,57.58
1932,927,55,1,56.55
1933,927,23,1,144.31
1934,927,36,1,58.83
1935,927,58,2,69.8
1936,927,28,1,115.57
1937,928,44,3,53.64
1938,928,22,1,210.77
1939,928,62,1,23.35
1940,928,21,3,61.68
1941,929,26,1,122.84
1942,929,19,1,246.02
1943,930,19,1,289.44
1944,930,15,2,144.7
1945,930,53,1,522.83
1946,930,1,3,688.3
1947,931,5,1,982.53
1948,931,54,1,635.73
1949,932,25,3,33.08
1950,933,40,1,36.71
1951,934,55,1,66.53
1952,935,21,1,61.68
1953,936,14,1,201.94
1954,936,53,1,522.83
1955,936,13,1,320.58
1956,937,28,1,115.57
1957,937,49,1,73.15
1958,937,16,1,344.85
1959,937,53,3,522.83
1960,938,37,1,20.53
1961,938,34,1,53.33
1962,938,31,1,65.25
1963,939,41,1,52.84
1964,939,56,1,57.58
1965,939,25,1,36.75
1966,940,50,3,57.08
1967,940,52,3,715.71
1968,940,21,1,61.68
1969,940,17,1,92.21
1970,941,12,1,1259.64
1971,942,11,1,461.12
1972,943,24,1,108.35
1973,943,39,1,18.97
1974,943,49,2,62.18
1975,944,3,1,1157.76
1976,945,14,1,201.94
1977,945,24,1,108.35
1978,946,3,1,1286.4
1979,946,10,1,698.52
1980,947,21,1,61.68
1981,947,23,1,122.66
1982,948,45,1,345.13
1983,949,33,3,116.46
1984,949,4,1,206.88
1985,950,28,1,115.57
1986,951,35,1,34.21
1987,951,12,1,1133.68
1988,951,38,1,19.71
1989,951,56,1,57.58
1990,952,36,3,58.83
1991,952,40,1,36.71
1992,953,35,2,30.79
1993,953,14,1,201.94
1994,954,58,1,77.56
1995,954,33,1,116.46
1996,954,46,1,159.73
1997,955,32,1,46.47
1998,956,2,1,798.46
1999,957,42,2,40.38
2000,957,9,1,759.79
2001,958,10,1,593.74
2002,958,54,1,635.73
2003,958,41,2,58.71
2004,959,36,1,58.83
2005,959,58,1,77.56
2006,960,3,1,1157.76
2007,961,52,1,715.71
2008,961,6,1,1084.38
2009,961,9,1,844.21
2010,962,52,1,795.23
2011,962,64,1,74.51
2012,962,39,1,18.97
2013,963,29,1,154.27
2014,964,56,1,57.58
2015,964,25,2,36.75
2016,964,1,3,688.3
2017,964,34,2,53.33
2018,965,43,1,53.42
2019,966,59,1,90.89
2020,967,53,1,522.83
2021,967,16,1,344.85
2022,967,62,1,27.47
2023,967,42,2,44.87
2024,968,11,1,461.12
2025,969,10,1,698.52
2026,970,50,1,57.08
2027,971,41,2,58.71
2028,971,59,1,81.8
2029,971,14,3,201.94
2030,972,26,2,144.52
2031,972,9,1,844.21
2032,972,40,3,33.04
2033,972,14,1,201.94
2034,973,24,1,108.35
2035,973,58,1,77.56
2036,973,11,1,461.12
2037,973,20,1,33.76
2038,974,13,1,356.2
2039,975,23,1,129.88
2040,976,7,1,1121.99
2041,977,35,1,30.79
2042,978,52,1,795.23
2043,978,29,2,131.13
2044,979,45,1,325.96
2045,979,37,2,24.15
2046,979,24,1,92.1
2047,980,31,1,55.46
2048,980,9,1,844.21
2049,980,59,1,90.89
2050,980,61,1,81.97
2051,981,2,1,798.46
2052,982,15,1,170.23
2053,983,19,2,289.44
2054,984,33,1,116.46
2055,985,43,2,45.41
2056,986,3,1,1286.4
2057,986,29,1,154.27
2058,986,46,1,159.73
2059,987,25,3,36.75
2060,987,14,3,171.65
2061,987,58,3,69.8
2062,988,43,1,53.42
2063,989,44,2,53.64
2064,989,56,2,51.82
2065,990,19,1,289.44
2066,991,39,1,18.97
2067,991,38,1,19.71
2068,992,63,1,8.3
2069,993,37,2,21.73
2070,994,35,1,29.08
2071,994,26,1,144.52
2072,994,38,1,19.71
2073,994,46,1,135.77
2074,994,50,1,57.08
2075,995,56,1,57.58
2076,996,18,1,155.93
2077,997,60,1,31.27
2078,997,56,1,51.82
2079,998,46,1,159.73
2080,998,60,1,31.27
2081,998,60,1,28.14
2082,998,4,3,229.87
2083,999,48,1,594.32
2084,999,38,1,19.71
2085,999,17,1,108.48
2086,1000,35,2,29.08
2087,1001,62,1,27.47
2088,1001,16,2,293.12
2089,1001,7,2,1009.79
2090,1002,29,2,131.13
2091,1002,20,1,33.76
2092,1003,26,1,144.52
2093,1003,20,1,33.76
2094,1004,4,2,229.87
2095,1005,62,3,27.47
2096,1006,16,1,293.12
2097,1006,3,1,1093.44
2098,1007,26,1,144.52
2099,1007,38,1,17.74
2100,1007,64,1,74.51
2101,1008,54,2,635.73
2102,1009,2,1,798.46
2103,1009,57,1,118.88
2104,1010,2,3,798.46
2105,1010,27,1,105.98
2106,1011,20,1,28.7
2107,1012,18,1,132.54
2108,1012,39,3,18.97
2109,1012,62,1,27.47
2110,1012,24,1,97.52
2111,1013,42,1,40.38
2112,1014,6,1,921.72
2113,1014,21,1,52.43
2114,1015,30,3,124.53
2115,1015,31,1,65.25
2116,1016,9,1,844.21
2117,1016,15,1,144.7
2118,1017,23,1,122.66
2119,1017,58,1,65.93
2120,1017,26,1,144.52
2121,1018,21,1,55.51
2122,1019,13,1,356.2
2123,1019,1,1,688.3
2124,1020,64,1,74.51
2125,1021,18,2,155.93
2126,1022,11,1,415.01
2127,1023,43,1,53.42
2128,1024,21,3,61.68
2129,1025,40,1,36.71
2130,1025,15,1,170.23
2131,1026,26,1,144.52
2132,1026,18,1,132.54
2133,1027,31,1,58.73
2134,1027,5,1,982.53
2135,1027,54,1,572.16
2136,1027,11,2,461.12
2137,1028,64,1,63.33
2138,1029,30,1,146.51
2139,1029,4,2,229.87
2140,1029,49,1,62.18
2141,1030,49,1,73.15
2142,1031,16,2,344.85
2143,1032,31,1,58.73
2144,1032,2,1,678.69
2145,1032,6,3,1084.38
2146,1032,32,2,54.67
2147,1033,41,1,49.9
2148,1034,16,1,344.85
2149,1035,46,2,159.73
2150,1035,57,2,118.88
2151,1035,38,2,19.71
2152,1036,14,1,201.94
2153,1036,63,1,8.3
2154,1037,27,1,105.98
2155,1037,19,1,289.44
2156,1037,57,1,118.88
2157,1038,36,1,58.83
2158,1039,64,1,74.51
2159,1039,50,1,57.08
2160,1040,7,1,1121.99
2161,1040,45,3,345.13
2162,1041,28,2,115.57
2163,1041,56,2,48.94
2164,1041,8,2,417.17
2165,1041,50,3,48.52
2166,1042,34,1,53.33
2167,1042,60,2,31.27
2168,1043,36,1,58.83
2169,1043,38,1,19.71
2170,1044,33,2,104.81
2171,1045,34,2,53.33
2172,1045,60,1,31.27
2173,1046,28,1,104.01
2174,1046,11,1,415.01
2175,1047,34,2,53.33
2176,1047,34,2,53.33
2177,1048,7,1,953.69
2178,1048,5,1,884.28
2179,1048,57,1,118.88
2180,1048,30,1,124.53
2181,1049,46,1,159.73
2182,1049,31,1,65.25
2183,1049,57,1,118.88
2184,1050,54,1,635.73
2185,1051,47,1,753.73
2186,1051,48,1,660.36
2187,1052,20,3,33.76
2188,1053,45,3,383.48
2189,1053,5,1,982.53
2190,1053,49,2,62.18
2191,1054,54,1,635.73
2192,1054,7,1,953.69
2193,1054,57,1,118.88
2194,1054,38,3,19.71
2195,1054,32,2,54.67
2196,1055,31,1,65.25
2197,1055,47,1,678.36
2198,1055,10,3,593.74
2199,1055,62,1,27.47
2200,1055,54,1,635.73
2201,1056,18,1,155.93
2202,1056,44,1,53.64
2203,1057,64,1,74.51
2204,1058,34,2,45.33
2205,1059,56,1,57.58
2206,1059,10,1,628.67
2207,1059,50,3,57.08
2208,1059,17,1,97.63
2209,1060,44,1,48.28
2210,1061,58,3,65.93
2211,1062,24,2,97.52
2212,1062,11,1,461.12
2213,1062,48,1,660.36
2214,1063,36,3,58.83
2215,1063,30,1,146.51
2216,1064,55,1,66.53
2217,1064,41,2,58.71
2218,1065,56,1,51.82
2219,1065,41,1,58.71
2220,1065,22,1,210.77
2221,1066,34,3,53.33
2222,1067,22,1,210.77
2223,1068,4,1,229.87
2224,1069,59,1,90.89
2225,1069,16,1,344.85
2226,1070,36,2,58.83
2227,1071,10,1,628.67
2228,1072,10,2,698.52
2229,1072,5,1,835.15
2230,1072,41,1,52.84
2231,1073,2,1,718.61
2232,1073,49,2,73.15
2233,1074,24,2,108.35
2234,1075,28,1,115.57
2235,1076,5,1,982.53
2236,1076,49,1,73.15
2237,1076,45,1,325.96
2238,1077,63,1,7.06
2239,1077,51,1,411.15
2240,1077,62,1,27.47
2241,1077,15,3,170.23
2242,1078,15,1,170.23
2243,1078,15,1,170.23
2244,1079,63,1,7.06
2245,1079,31,1,65.25
2246,1080,8,1,463.52
2247,1080,34,1,53.33
2248,1080,51,2,456.83
2249,1081,29,1,154.27
2250,1082,22,1,179.15
2251,1082,15,3,153.21
2252,1083,3,2,1286.4
2253,1083,43,3,48.08
2254,1084,26,3,130.07
2255,1085,48,1,660.36
2256,1085,32,3,54.67
2257,1085,3,2,1157.76
2258,1086,21,1,61.68
2259,1086,30,1,124.53
2260,1087,49,1,73.15
2261,1088,54,1,540.37
2262,1089,51,1,411.15
2263,1090,39,1,18.97
2264,1090,13,1,302.77
2265,1090,61,1,81.97
2266,1091,62,1,23.35
2267,1091,32,1,54.67
2268,1092,14,1,181.75
2269,1092,4,1,229.87
2270,1092,58,1,69.8
2271,1093,11,1,461.12
2272,1093,27,2,124.68
2273,1094,61,1,73.77
2274,1094,30,1,146.51
2275,1095,20,1,28.7
2276,1096,27,2,124.68
2277,1097,42,1,44.87
2278,1097,11,3,461.12
2279,1098,21,1,61.68
2280,1098,22,1,210.77
2281,1098,5,2,982.53
2282,1099,54,1,635.73
2283,1099,16,1,344.85
2284,1099,35,1,30.79
2285,1099,48,1,660.36
2286,1100,48,1,660.36
2287,1101,18,1,132.54
2288,1102,61,1,81.97
2289,1103,59,1,90.89
2290,1103,60,1,31.27
2291,1104,2,3,798.46
2292,1105,52,3,715.71
2293,1106,20,1,33.76
2294,1107,50,1,51.37
2295,1108,61,1,81.97
2296,1108,30,3,146.51
2297,1108,19,1,289.44
2298,1109,18,1,155.93
2299,1109,55,1,66.53
2300,1109,39,1,18.97
2301,1109,31,1,65.25
2302,1109,50,2,57.08
2303,1110,28,3,98.23
2304,1111,33,1,104.81
2305,1111,56,1,57.58
2306,1112,45,2,383.48
2307,1112,25,1,36.75
2308,1112,2,1,798.46
2309,1113,13,3,356.2
2310,1114,36,1,58.83
2311,1115,4,2,229.87
2312,1116,14,1,201.94
2313,1117,54,2,635.73
2314,1118,25,1,31.24
2315,1118,3,1,1093.44
2316,1119,47,1,640.67
2317,1119,52,1,675.95
2318,1119,8,1,417.17
2319,1119,19,2,289.44
2320,1119,23,1,144.31
2321,1120,1,1,619.47
2322,1120,45,1,383.48
2323,1121,12,1,1259.64
2324,1122,22,2,210.77
2325,1122,48,1,561.31
2326,1122,32,1,46.47
2327,1122,25,2,31.24
2328,1122,17,1,108.48
2329,1123,41,1,58.71
2330,1124,57,1,118.88
2331,1125,58,2,65.93
2332,1125,22,1,189.69
2333,1125,50,1,51.37
2334,1126,37,1,20.53
2335,1126,35,1,34.21
2336,1127,15,1,144.7
2337,1128,48,1,561.31
2338,1128,5,1,982.53
2339,1129,54,1,635.73
2340,1130,21,1,61.68
2341,1131,56,2,57.58
2342,1131,32,1,54.67
2343,1132,6,3,1084.38
2344,1132,14,1,201.94
2345,1133,39,2,16.12
2346,1134,18,1,155.93
2347,1134,7,3,1121.99
2348,1135,22,1,179.15
2349,1135,19,1,289.44
2350,1136,27,1,105.98
2351,1137,48,1,660.36
2352,1137,45,1,345.13
2353,1137,51,1,456.83
2354,1138,13,1,356.2
2355,1138,18,1,155.93
2356,1138,37,2,20.53
2357,1139,4,1,206.88
2358,1139,23,2,144.31
2359,1140,51,3,388.31
2360,1141,39,1,18.97
2361,1142,62,1,27.47
2362,1143,14,1,201.94
2363,1143,45,1,383.48
2364,1144,41,1,52.84
2365,1145,52,1,795.23
2366,1145,39,1,16.12
2367,1145,15,1,170.23
2368,1145,48,2,561.31
2369,1145,43,2,53.42
2370,1146,50,2,57.08
2371,1146,20,1,28.7
2372,1147,59,1,90.89
2373,1147,37,1,24.15
2374,1147,59,1,81.8
2375,1148,38,2,19.71
2376,1149,3,1,1286.4
2377,1150,5,1,982.53
2378,1151,19,1,289.44
2379,1152,32,3,46.47
2380,1152,59,1,90.89
2381,1153,13,1,302.77
2382,1153,11,1,391.95
2383,1153,39,1,18.97
2384,1153,24,3,108.35
2385,1153,11,2,461.12
2386,1154,32,1,54.67
2387,1154,48,1,660.36
2388,1154,56,1,48.94
2389,1154,24,1,92.1
2390,1154,6,1,1084.38
2391,1155,3,2,1093.44
2392,1155,17,1,108.48
2393,1156,3,2,1286.4
2394,1157,59,1,77.26
2395,1157,43,1,53.42
2396,1157,2,1,798.46
2397,1158,64,1,63.33
2398,1158,22,1,210.77
2399,1158,52,1,715.71
2400,1158,11,1,415.01
2401,1159,48,1,660.36
2402,1159,58,1,77.56
2403,1159,20,1,33.76
2404,1159,46,1,159.73
2405,1159,3,2,1286.4
2406,1160,17,1,108.48
2407,1161,38,1,19.71
2408,1161,52,1,795.23
2409,1161,28,1,104.01
2410,1161,36,1,58.83
2411,1161,14,1,171.65
2412,1162,51,1,456.83
2413,1162,64,2,74.51
2414,1163,37,1,24.15
2415,1164,54,3,635.73
2416,1165,11,1,391.95
2417,1165,53,3,615.09
2418,1166,12,3,1259.64
2419,1166,50,1,57.08
2420,1167,23,1,122.66
2421,1167,26,1,144.52
2422,1167,9,2,844.21
2423,1167,60,1,26.58
2424,1168,60,1,31.27
2425,1168,43,2,53.42
2426,1168,32,1,54.67
2427,1169,61,2,81.97
2428,1169,54,3,540.37
2429,1170,4,1,195.39
2430,1170,8,1,463.52
2431,1171,57,1,118.88
2432,1171,14,1,201.94
2433,1171,15,2,170.23
2434,1171,53,1,615.09
2435,1172,10,1,593.74
2436,1172,63,2,8.3
2437,1173,58,1,69.8
2438,1174,37,1,24.15
2439,1175,21,1,61.68
2440,1176,17,1,108.48
2441,1176,50,1,57.08
2442,1176,4,2,206.88
2443,1177,52,1,795.23
2444,1178,48,1,660.36
2445,1179,62,2,27.47
2446,1179,9,1,844.21
2447,1180,16,1,344.85
2448,1180,64,1,63.33
2449,1181,30,2,146.51
2450,1181,5,1,982.53
2451,1181,43,1,53.42
2452,1182,32,1,46.47
2453,1182,24,1,92.1
2454,1183,6,3,1084.38
2455,1183,36,1,58.83
2456,1184,39,1,18.97
2457,1185,7,1,953.69
2458,1186,61,1,73.77
2459,1186,28,1,115.57
2460,1187,15,2,170.23
2461,1187,25,1,31.24
2462,1187,59,3,90.89
2463,1187,53,1,615.09
2464,1188,37,3,24.15
2465,1188,34,2,53.33
2466,1189,57,1,118.88
2467,1189,63,1,7.47
2468,1190,56,1,57.58
2469,1191,24,1,108.35
2470,1191,30,1,131.86
2471,1192,39,3,18.97
2472,1192,20,1,33.76
2473,1193,21,1,55.51
2474,1193,61,1,81.97
2475,1193,35,1,34.21
2476,1193,61,3,81.97
2477,1194,41,1,58.71
2478,1194,51,2,456.83
2479,1194,52,1,795.23
2480,1195,26,1,122.84
2481,1196,55,2,66.53
2482,1197,57,2,118.88
2483,1197,10,1,698.52
2484,1197,62,3,24.72
2485,1198,63,1,7.47
2486,1199,44,1,53.64
2487,1200,10,1,593.74
2488,1201,26,1,144.52
2489,1201,32,1,49.2
2490,1202,3,1,1286.4
2491,1203,58,2,77.56
2492,1204,43,1,45.41
2493,1204,34,1,45.33
2494,1205,51,2,456.83
2495,1205,8,3,417.17
2496,1206,42,2,44.87
2497,1206,37,1,20.53
2498,1206,9,2,759.79
2499,1206,12,3,1259.64
2500,1206,21,2,61.68
2501,1207,10,2,698.52
2502,1207,36,1,50.01
2503,1207,20,1,33.76
2504,1207,24,1,108.35
2505,1207,59,1,77.26
2506,1208,3,1,1286.4
2507,1208,55,1,66.53
2508,1208,42,1,38.14
2509,1209,46,2,135.77
2510,1209,20,1,33.76
2511,1210,6,2,975.94
2512,1211,30,1,146.51
2513,1212,28,2,115.57
2514,1213,4,1,195.39
2515,1213,27,1,124.68
2516,1213,57,1,118.88
2517,1213,49,1,73.15
2518,1214,16,1,344.85
2519,1214,16,3,293.12
2520,1215,25,1,36.75
2521,1216,59,1,90.89
2522,1216,54,1,635.73
2523,1217,56,3,48.94
2524,1217,39,1,16.12
2525,1217,11,1,461.12
2526,1218,42,1,44.87
2527,1219,61,2,81.97
2528,1220,48,1,660.36
2529,1220,54,1,572.16
2530,1221,21,1,61.68
2531,1221,40,1,36.71
2532,1221,34,1,53.33
2533,1221,4,1,229.87
2534,1222,22,1,210.77
2535,1223,15,3,170.23
2536,1223,54,2,572.16
2537,1223,57,1,106.99
2538,1223,1,1,688.3
2539,1223,33,1,98.99
2540,1224,13,1,302.77
2541,1224,26,1,130.07
2542,1225,13,2,356.2
2543,1226,39,1,18.97
2544,1227,55,1,66.53
2545,1228,50,1,57.08
2546,1229,31,1,65.25
2547,1230,25,1,33.08
2548,1230,52,1,795.23
2549,1230,59,1,81.8
2550,1230,57,1,118.88
2551,1231,24,1,108.35
2552,1232,34,1,53.33
2553,1232,55,1,59.88
2554,1232,17,1,108.48
2555,1232,15,1,144.7
2556,1233,56,1,57.58
2557,1234,25,1,31.24
2558,1234,29,2,154.27
2559,1234,46,1,159.73
2560,1234,7,2,1121.99
2561,1235,22,1,210.77
2562,1235,22,1,189.69
2563,1235,29,2,131.13
2564,1235,20,1,30.38
2565,1235,55,2,66.53
2566,1236,54,2,635.73
2567,1236,42,1,44.87
2568,1236,1,1,585.05
2569,1236,40,1,31.2
2570,1237,62,2,27.47
2571,1238,25,1,36.75
2572,1239,52,1,675.95
2573,1240,36,2,58.83
2574,1240,16,1,310.37
2575,1241,57,1,118.88
2576,1241,59,1,77.26
2577,1242,33,1,116.46
2578,1243,63,2,8.3
2579,1243,14,1,171.65
2580,1243,47,1,640.67
2581,1244,36,2,50.01
2582,1245,33,3,116.46
2583,1246,64,1,74.51
2584,1246,35,1,29.08
2585,1247,49,1,73.15
2586,1247,13,1,356.2
2587,1248,54,2,540.37
2588,1248,6,1,1084.38
2589,1249,52,2,675.95
2590,1250,24,1,108.35
2591,1251,59,2,90.89
2592,1251,46,2,159.73
2593,1251,46,3,159.73
2594,1252,34,2,53.33
2595,1253,42,2,44.87
2596,1253,23,2,144.31
2597,1254,30,1,146.51
2598,1254,13,3,356.2
2599,1254,52,1,795.23
2600,1255,63,1,8.3
2601,1256,3,1,1157.76
2602,1257,23,1,122.66
2603,1257,10,1,698.52
2604,1258,34,1,53.33
2605,1258,46,1,159.73
2606,1259,38,1,19.71
2607,1259,42,3,44.87
2608,1259,6,1,1084.38
2609,1259,36,1,58.83
2610,1260,28,1,115.57
2611,1261,57,1,106.99
2612,1261,25,1,33.08
2613,1262,50,2,48.52
2614,1262,47,2,753.73
2615,1262,56,1,57.58
2616,1262,41,1,58.71
2617,1263,32,2,49.2
2618,1263,17,1,97.63
2619,1263,61,1,81.97
2620,1264,29,1,138.84
2621,1264,7,1,1121.99
2622,1264,64,1,74.51
2623,1265,8,2,463.52
2624,1265,19,1,289.44
2625,1266,4,2,229.87
2626,1267,51,1,456.83
2627,1268,30,1,131.86
2628,1269,41,2,52.84
2629,1269,7,2,1121.99
2630,1269,16,2,344.85
2631,1269,9,1,717.58
2632,1269,21,2,61.68
2633,1270,64,2,74.51
2634,1271,50,2,57.08
2635,1271,61,1,81.97
2636,1272,56,2,57.58
2637,1273,45,3,325.96
2638,1274,33,1,104.81
2639,1275,22,1,189.69
2640,1276,48,2,660.36
2641,1277,45,1,325.96
2642,1278,57,2,118.88
2643,1279,5,3,982.53
2644,1279,40,3,36.71
2645,1280,13,1,320.58
2646,1280,20,3,33.76
2647,1281,58,3,65.93
2648,1282,31,3,65.25
2649,1283,62,2,23.35
2650,1284,12,1,1259.64
2651,1285,51,2,388.31
2652,1285,26,1,144.52
2653,1286,55,1,66.53
2654,1286,11,1,461.12
2655,1286,14,1,201.94
2656,1286,50,1,57.08
2657,1287,12,1,1133.68
2658,1288,7,1,1121.99
2659,1288,39,1,18.97
2660,1289,56,2,51.82
2661,1289,23,1,122.66
2662,1290,24,2,92.1
2663,1291,2,1,798.46
2664,1291,27,3,124.68
2665,1292,43,3,53.42
2666,1292,30,1,146.51
2667,1293,34,2,53.33
2668,1294,40,1,31.2
2669,1294,35,1,34.21
2670,1294,54,2,635.73
2671,1294,36,2,58.83
2672,1295,6,1,1084.38
2673,1295,17,1,108.48
2674,1296,9,1,844.21
2675,1296,22,3,210.77
2676,1296,51,1,456.83
2677,1297,26,3,130.07
2678,1298,61,1,81.97
2679,1298,30,1,146.51
2680,1298,24,1,92.1
2681,1298,9,1,759.79
2682,1298,48,1,660.36
2683,1299,25,2,31.24
2684,1299,41,1,58.71
2685,1300,23,1,144.31
2686,1301,38,1,19.71
2687,1302,57,1,118.88
2688,1302,9,2,759.79
2689,1303,41,1,49.9
2690,1304,22,2,210.77
2691,1305,30,1,146.51
2692,1306,16,2,293.12
2693,1306,5,1,982.53
2694,1306,3,1,1286.4
2695,1307,50,1,48.52
2696,1307,31,1,58.73
2697,1308,62,3,27.47
2698,1308,59,1,90.89
2699,1309,50,3,57.08
2700,1309,48,2,660.36
2701,1309,39,1,18.97
2702,1310,46,1,159.73
2703,1311,50,1,57.08
2704,1311,42,1,44.87
2705,1312,25,1,31.24
2706,1313,53,1,615.09
2707,1313,28,1,115.57
2708,1314,53,1,615.09
2709,1314,44,1,53.64
2710,1314,50,3,57.08
2711,1315,23,1,122.66
2712,1316,26,1,144.52
2713,1316,60,1,26.58
2714,1317,5,1,982.53
2715,1318,7,1,1121.99
2716,1318,41,3,58.71
2717,1318,26,2,144.52
2718,1318,40,2,36.71
2719,1319,61,1,81.97
2720,1319,38,1,17.74
2721,1319,21,3,61.68
2722,1320,53,1,553.58
2723,1320,61,1,81.97
2724,1320,32,3,46.47
2725,1320,19,3,289.44
2726,1321,49,1,73.15
2727,1322,57,1,118.88
2728,1323,45,2,383.48
2729,1323,48,1,660.36
2730,1323,39,1,18.97
2731,1323,15,3,144.7
2732,1324,11,1,461.12
2733,1324,3,1,1157.76
2734,1324,54,3,635.73
2735,1324,33,1,116.46
2736,1325,7,1,953.69
2737,1325,40,1,36.71
2738,1325,44,1,45.59
2739,1325,59,1,90.89
2740,1326,2,2,798.46
2741,1326,39,1,18.97
2742,1326,49,1,62.18
2743,1326,35,1,34.21
2744,1326,47,2,753.73
2745,1327,34,1,53.33
2746,1327,37,1,24.15
2747,1327,11,2,461.12
2748,1327,15,1,170.23
2749,1328,9,1,844.21
2750,1329,2,2,798.46
2751,1330,59,1,90.89
2752,1330,14,1,201.94
2753,1331,11,1,391.95
2754,1331,12,1,1070.69
2755,1331,30,1,124.53
2756,1332,64,1,74.51
2757,1333,8,1,417.17
2758,1333,1,1,688.3
2759,1334,25,1,31.24
2760,1334,10,1,698.52
2761,1335,38,1,17.74
2762,1335,37,1,24.15
2763,1336,33,1,116.46
2764,1336,9,1,844.21
2765,1336,45,3,383.48
2766,1336,56,1,48.94
2767,1337,41,1,58.71
2768,1337,9,1,717.58
2769,1338,48,1,660.36
2770,1338,41,1,49.9
2771,1338,25,1,36.75
2772,1339,60,1,31.27
2773,1339,60,2,31.27
2774,1340,54,3,635.73
2775,1340,41,1,49.9
2776,1340,20,1,33.76
2777,1341,13,1,356.2
2778,1342,51,1,411.15
2779,1343,64,1,74.51
2780,1343,63,3,8.3
2781,1344,62,1,27.47
2782,1345,54,1,635.73
2783,1345,21,1,61.68
2784,1345,55,1,59.88
2785,1346,17,1,108.48
2786,1346,9,1,844.21
2787,1346,54,1,635.73
2788,1347,61,2,73.77
2789,1347,44,1,53.64
2790,1347,25,3,36.75
2791,1347,30,2,131.86
2792,1348,3,1,1286.4
2793,1348,50,2,51.37
2794,1349,35,1,34.21
2795,1349,25,2,36.75
2796,1350,61,1,69.67
2797,1350,1,1,619.47
2798,1350,62,1,27.47
2799,1351,26,2,122.84
2800,1351,25,3,33.08
2801,1352,25,1,33.08
2802,1353,2,1,798.46
2803,1353,19,1,289.44
2804,1354,60,2,31.27
2805,1355,57,2,118.88
2806,1356,59,1,81.8
2807,1356,17,1,108.48
2808,1356,16,1,344.85
2809,1357,4,1,195.39
2810,1357,42,1,44.87
2811,1357,5,1,982.53
2812,1358,17,1,108.48
2813,1359,31,1,65.25
2814,1360,9,1,759.79
2815,1361,20,1,33.76
2816,1361,27,1,124.68
2817,1361,34,1,53.33
2818,1362,29,1,154.27
2819,1363,41,1,49.9
2820,1364,64,1,63.33
2821,1364,54,1,635.73
2822,1364,26,1,144.52
2823,1365,11,1,461.12
2824,1366,1,3,585.05
2825,1367,50,1,57.08
2826,1368,34,1,45.33
2827,1369,52,1,795.23
2828,1369,6,1,1084.38
2829,1370,39,2,16.12
2830,1370,28,2,115.57
2831,1371,33,1,116.46
2832,1371,40,1,36.71
2833,1372,42,1,44.87
2834,1372,22,3,210.77
2835,1372,37,2,20.53
2836,1373,4,1,229.87
2837,1373,36,3,58.83
2838,1373,57,1,106.99
2839,1373,21,1,61.68
2840,1374,48,1,660.36
2841,1374,3,1,1286.4
2842,1375,27,1,105.98
2843,1375,4,2,229.87
2844,1376,59,2,81.8
2845,1376,35,1,29.08
2846,1376,62,1,23.35
2847,1377,4,1,229.87
2848,1377,60,1,31.27
2849,1378,36,2,50.01
2850,1378,62,1,27.47
2851,1378,4,1,229.87
2852,1378,31,1,65.25
2853,1378,6,2,1084.38
2854,1379,7,1,1121.99
2855,1380,21,1,61.68
2856,1380,19,1,246.02
2857,1381,60,3,31.27
2858,1381,19,2,289.44
2859,1382,33,2,116.46
2860,1383,22,2,210.77
2861,1383,19,1,260.5
2862,1383,21,2,55.51
2863,1384,54,2,572.16
2864,1385,33,3,98.99
2865,1385,22,2,179.15
2866,1386,48,1,660.36
2867,1387,14,1,171.65
2868,1387,59,1,77.26
2869,1387,25,2,33.08
2870,1388,40,1,36.71
2871,1389,25,1,36.75
2872,1390,10,1,698.52
2873,1390,16,1,344.85
2874,1390,52,1,715.71
2875,1391,55,1,66.53
2876,1392,5,1,982.53
2877,1392,4,1,229.87
2878,1393,45,3,325.96
2879,1393,63,3,8.3
2880,1394,33,1,116.46
2881,1395,44,1,53.64
2882,1395,5,1,884.28
2883,1396,53,1,522.83
2884,1397,57,1,118.88
2885,1397,60,1,28.14
2886,1397,50,2,51.37
2887,1398,63,1,8.3
2888,1398,38,2,19.71
2889,1399,10,1,698.52
2890,1400,23,2,144.31
2891,1400,39,1,18.97
2892,1400,64,1,74.51
2893,1401,4,1,229.87
2894,1402,48,1,660.36
2895,1402,54,1,635.73
2896,1403,46,1,143.76
2897,1404,24,1,108.35
2898,1405,9,3,717.58
2899,1406,30,1,146.51
2900,1406,18,2,155.93
2901,1407,15,1,170.23
2902,1407,2,1,798.46
2903,1407,41,3,58.71
2904,1408,28,1,115.57
2905,1408,10,1,698.52
2906,1409,10,1,698.52
2907,1410,56,1,57.58
2908,1410,51,1,388.31
2909,1411,29,2,154.27
2910,1411,62,1,24.72
2911,1412,31,1,65.25
2912,1412,64,2,74.51
2913,1413,19,2,289.44
2914,1413,48,1,660.36
2915,1414,39,2,17.07
2916,1414,42,3,44.87
2917,1414,63,1,7.06
2918,1414,18,1,155.93
2919,1415,9,1,844.21
2920,1415,35,2,30.79
2921,1416,31,1,65.25
2922,1416,40,1,36.71
2923,1416,53,1,553.58
2924,1416,55,1,66.53
2925,1417,38,1,16.75
2926,1418,60,1,31.27
2927,1419,44,1,45.59
2928,1420,35,3,34.21
2929,1420,44,1,48.28
2930,1421,51,1,456.83
2931,1422,36,1,58.83
2932,1422,26,1,144.52
2933,1422,63,1,8.3
2934,1422,56,1,57.58
2935,1422,18,1,155.93
2936,1423,14,1,201.94
2937,1424,27,1,105.98
2938,1424,8,1,463.52
2939,1425,35,3,34.21
2940,1426,29,1,154.27
2941,1426,27,1,124.68
2942,1427,35,2,34.21
2943,1427,13,1,356.2
2944,1428,23,3,144.31
2945,1429,50,1,57.08
2946,1430,20,2,33.76
2947,1430,49,1,73.15
2948,1431,42,1,40.38
2949,1431,50,2,51.37
2950,1432,49,1,73.15
2951,1433,32,2,54.67
2952,1433,49,1,73.15
2953,1434,3,1,1286.4
2954,1435,58,3,77.56
2955,1435,56,1,57.58
2956,1436,21,1,55.51
2957,1437,5,3,982.53
2958,1437,7,2,1121.99
2959,1437,21,1,52.43
2960,1438,33,1,116.46
2961,1438,19,2,289.44
2962,1439,9,1,844.21
2963,1440,23,1,144.31
2964,1440,55,2,66.53
2965,1440,3,2,1286.4
2966,1441,35,2,34.21
2967,1441,16,2,310.37
2968,1441,48,2,660.36
2969,1442,22,2,189.69
2970,1443,61,1,81.97
2971,1444,36,1,58.83
2972,1444,23,2,122.66
2973,1445,9,3,844.21
2974,1445,1,1,619.47
2975,1445,63,1,8.3
2976,1446,46,2,143.76
2977,1446,52,2,715.71
2978,1447,5,1,884.28
2979,1447,48,2,660.36
2980,1448,4,1,229.87
2981,1449,19,1,260.5
2982,1449,18,1,155.93
2983,1449,51,1,456.83
2984,1450,60,1,31.27
2985,1451,19,2,289.44
2986,1452,50,2,57.08
2987,1452,10,1,698.52
2988,1453,62,1,27.47
2989,1453,25,1,33.08
2990,1453,22,1,210.77
2991,1453,19,2,260.5
2992,1454,48,1,660.36
2993,1455,37,1,21.73
2994,1455,16,2,344.85
2995,1456,9,3,844.21
2996,1456,49,1,62.18
2997,1457,19,2,289.44
2998,1458,39,1,18.97
2999,1459,20,1,30.38
3000,1459,33,3,116.46
3001,1460,62,2,27.47
3002,1461,11,1,461.12
3003,1461,48,2,660.36
3004,1462,36,2,58.83
3005,1462,29,2,154.27
3006,1463,64,3,74.51
3007,1463,7,3,1121.99
3008,1464,29,2,154.27
3009,1464,60,3,31.27
3010,1465,52,1,795.23
3011,1465,39,1,18.97
3012,1466,41,3,58.71
3013,1466,56,1,57.58
3014,1467,48,1,660.36
3015,1468,28,1,115.57
3016,1469,21,1,55.51
3017,1470,2,1,798.46
3018,1471,20,3,33.76
3019,1471,61,1,81.97
3020,1471,38,3,19.71
3021,1472,12,1,1259.64
3022,1472,43,1,48.08
3023,1473,25,2,36.75
3024,1473,63,1,7.47
3025,1473,38,1,17.74
3026,1474,34,1,45.33
3027,1474,13,1,356.2
3028,1475,21,1,61.68
3029,1475,46,3,159.73
3030,1475,38,1,19.71
3031,1475,54,2,635.73
3032,1476,20,2,33.76
3033,1477,14,3,201.94
3034,1478,31,2,65.25
3035,1478,53,1,522.83
3036,1479,61,1,81.97
3037,1480,5,2,982.53
3038,1481,51,2,456.83
3039,1481,58,1,77.56
3040,1482,33,1,116.46
3041,1483,64,3,74.51
3042,1484,47,2,678.36
3043,1484,48,1,660.36
3044,1484,62,2,24.72
3045,1485,36,1,52.95
3046,1485,26,1,122.84
3047,1486,38,1,19.71
3048,1486,6,1,1084.38
3049,1487,61,2,81.97
3050,1487,60,3,28.14
3051,1487,30,3,131.86
3052,1488,5,2,835.15
3053,1488,33,1,116.46
3054,1488,30,1,146.51
3055,1488,31,1,65.25
3056,1489,54,1,540.37
3057,1490,7,1,1009.79
3058,1490,28,1,104.01
3059,1490,37,2,24.15
3060,1491,2,1,798.46
3061,1491,43,1,53.42
3062,1492,34,1,53.33
3063,1492,33,1,116.46
3064,1492,27,2,124.68
3065,1493,9,1,844.21
3066,1494,35,3,34.21
3067,1495,60,1,31.27
3068,1495,36,2,58.83
3069,1496,33,2,104.81
3070,1496,12,3,1259.64
3071,1496,19,1,260.5
3072,1497,45,1,383.48
3073,1497,56,1,51.82
3074,1497,52,1,795.23
3075,1497,62,2,23.35
3076,1497,9,3,717.58
3077,1498,59,1,77.26
3078,1498,48,1,660.36
3079,1498,5,1,982.53
3080,1499,48,1,660.36
3081,1499,1,3,688.3
3082,1500,15,1,170.23
3083,1500,64,1,67.06
3084,1501,41,1,52.84
3085,1502,39,1,18.97
3086,1503,36,1,58.83
3087,1503,10,3,698.52
3088,1503,10,1,593.74
3089,1503,39,1,18.97
3090,1503,37,1,20.53
3091,1504,13,1,356.2
3092,1504,34,2,53.33
3093,1505,11,1,461.12
3094,1505,40,2,33.04
3095,1506,39,3,16.12
3096,1507,6,1,1084.38
3097,1507,12,1,1259.64
3098,1507,7,1,1121.99
3099,1508,61,2,81.97
3100,1508,14,1,181.75
3101,1509,14,1,201.94
3102,1510,31,3,65.25
3103,1511,25,1,36.75
3104,1511,8,1,417.17
3105,1512,45,1,345.13
3106,1512,53,3,615.09
3107,1513,54,1,572.16
3108,1513,64,1,74.51
3109,1513,52,1,675.95
3110,1513,33,1,104.81
3111,1514,32,1,54.67
3112,1514,30,3,124.53
3113,1514,6,2,921.72
3114,1514,51,1,456.83
3115,1514,36,3,52.95
3116,1515,19,1,246.02
3117,1516,36,1,58.83
3118,1516,19,1,289.44
3119,1517,56,1,57.58
3120,1517,56,1,57.58
3121,1517,8,2,417.17
3122,1517,38,1,19.71
3123,1518,2,1,718.61
3124,1519,29,1,131.13
3125,1520,62,1,27.47
3126,1521,29,3,138.84
3127,1521,19,1,246.02
3128,1522,40,2,36.71
3129,1523,37,1,24.15
3130,1524,24,1,97.52
3131,1524,1,1,688.3
3132,1524,42,2,40.38
3133,1524,54,1,635.73
3134,1525,55,1,66.53
3135,1525,26,1,122.84
3136,1525,46,1,159.73
3137,1526,44,1,53.64
3138,1527,3,1,1286.4
3139,1527,18,1,155.93
3140,1528,10,1,628.67
3141,1528,57,2,118.88
3142,1528,28,1,115.57
3143,1528,5,1,884.28
3144,1528,53,1,615.09
3145,1529,12,1,1259.64
3146,1529,16,1,344.85
3147,1529,31,1,55.46
3148,1529,36,1,50.01
3149,1530,63,2,8.3
3150,1530,53,2,615.09
3151,1530,12,1,1259.64
3152,1530,36,1,50.01
3153,1531,22,1,210.77
3154,1531,3,1,1286.4
3155,1532,23,1,144.31
3156,1533,58,1,77.56
3157,1534,47,1,753.73
3158,1534,56,1,57.58
3159,1534,21,1,61.68
3160,1535,54,1,635.73
3161,1536,30,1,146.51
3162,1537,43,2,53.42
3163,1537,28,3,115.57
3164,1538,41,1,58.71
3165,1538,3,1,1286.4
3166,1539,15,1,170.23
3167,1540,7,1,1009.79
3168,1540,30,2,146.51
3169,1540,7,1,1009.79
3170,1541,44,1,53.64
3171,1541,34,1,48.0
3172,1542,27,1,124.68
3173,1542,12,1,1133.68
3174,1543,11,2,461.12
3175,1543,59,1,90.89
3176,1544,4,2,195.39
3177,1545,11,1,461.12
3178,1545,62,3,27.47
3179,1545,57,2,106.99
3180,1546,4,2,229.87
3181,1546,41,1,58.71
3182,1547,21,1,61.68
3183,1548,10,1,698.52
3184,1548,6,1,1084.38
3185,1548,6,1,1084.38
3186,1548,4,1,229.87
3187,1549,12,1,1133.68
3188,1549,36,1,58.83
3189,1550,35,1,34.21
3190,1550,48,1,660.36
3191,1551,6,1,1084.38
3192,1552,53,1,553.58
3193,1553,3,2,1093.44
3194,1553,24,1,108.35
3195,1553,35,2,34.21
3196,1554,1,1,585.05
3197,1555,64,2,74.51
3198,1555,25,1,36.75
3199,1555,9,1,844.21
3200,1555,20,1,33.76
3201,1556,22,1,179.15
3202,1557,32,2,46.47
3203,1558,56,1,57.58
3204,1558,33,1,116.46
3205,1558,50,1,48.52
3206,1559,38,2,19.71
3207,1559,24,1,108.35
3208,1559,48,1,561.31
3209,1560,3,1,1286.4
3210,1560,49,1,73.15
3211,1560,38,1,17.74
3212,1560,3,2,1093.44
3213,1561,23,2,144.31
3214,1561,43,2,53.42
3215,1562,44,1,45.59
3216,1563,27,3,124.68
3217,1564,41,2,58.71
3218,1564,51,2,456.83
3219,1565,60,2,31.27
3220,1565,7,1,1121.99
3221,1566,64,1,74.51
3222,1566,42,3,44.87
3223,1567,64,2,74.51
3224,1567,50,1,51.37
3225,1567,53,2,522.83
3226,1567,2,1,798.46
3227,1567,27,2,124.68
3228,1568,17,2,97.63
3229,1568,2,1,798.46
3230,1569,37,2,21.73
3231,1569,16,3,344.85
3232,1570,45,1,383.48
3233,1570,10,1,698.52
3234,1571,14,1,201.94
3235,1571,30,1,146.51
3236,1572,53,1,522.83
3237,1572,21,3,55.51
3238,1572,19,1,289.44
3239,1573,33,3,98.99
3240,1574,6,2,921.72
3241,1574,3,2,1286.4
3242,1575,6,1,1084.38
3243,1575,15,2,170.23
3244,1576,8,1,463.52
3245,1576,47,1,678.36
3246,1576,12,2,1259.64
3247,1576,50,1,57.08
3248,1577,23,2,144.31
3249,1578,24,1,108.35
3250,1578,63,1,8.3
3251,1579,34,1,53.33
3252,1579,15,1,153.21
3253,1580,44,1,53.64
3254,1580,18,1,155.93
3255,1580,30,1,131.86
3256,1581,58,1,77.56
3257,1581,7,1,1009.79
3258,1582,24,3,92.1
3259,1583,54,2,572.16
3260,1584,59,1,81.8
3261,1584,38,1,19.71
3262,1585,19,1,289.44
3263,1585,38,1,17.74
3264,1586,25,3,36.75
3265,1586,14,1,201.94
3266,1586,38,2,19.71
3267,1586,52,1,795.23
3268,1586,53,1,615.09
3269,1587,59,2,90.89
3270,1587,57,1,118.88
3271,1588,29,1,131.13
3272,1588,47,1,678.36
3273,1588,18,1,140.34
3274,1589,1,2,688.3
3275,1589,16,3,293.12
3276,1589,56,1,51.82
3277,1589,19,1,289.44
3278,1589,19,1,289.44
3279,1590,28,1,115.57
3280,1591,19,2,260.5
3281,1591,41,1,58.71
3282,1592,20,1,33.76
3283,1593,4,2,229.87
3284,1594,56,1,57.58
3285,1594,9,3,844.21
3286,1594,50,1,57.08
3287,1594,11,1,415.01
3288,1595,8,1,463.52
3289,1596,42,1,44.87
3290,1597,57,1,101.05
3291,1597,19,1,289.44
3292,1598,57,1,118.88
3293,1598,21,1,61.68
3294,1599,18,1,140.34
3295,1599,12,2,1259.64
3296,1600,9,2,844.21
3297,1600,3,1,1157.76
3298,1600,34,1,53.33
3299,1600,26,1,144.52
3300,1600,12,3,1259.64
3301,1601,52,1,715.71
3302,1602,22,1,210.77
3303,1602,21,1,61.68
3304,1602,29,2,154.27
3305,1602,41,1,58.71
3306,1603,25,1,36.75
3307,1604,7,2,1121.99
3308,1605,38,1,19.71
3309,1605,56,1,57.58
3310,1605,31,1,55.46
3311,1605,33,2,116.46
3312,1606,60,2,31.27
3313,1607,2,2,678.69
3314,1608,25,1,36.75
3315,1609,57,1,118.88
3316,1609,30,2,131.86
3317,1610,41,1,58.71
3318,1611,3,1,1093.44
3319,1611,55,1,66.53
3320,1611,59,1,90.89
3321,1611,52,2,795.23
3322,1611,31,3,58.73
3323,1612,1,1,688.3
3324,1613,45,1,383.48
3325,1614,2,2,718.61
3326,1614,58,3,65.93
3327,1615,23,1,129.88
3328,1615,18,1,155.93
3329,1615,59,2,90.89
3330,1616,31,1,58.73
3331,1616,37,2,24.15
3332,1617,43,2,48.08
3333,1618,33,1,116.46
3334,1618,17,1,97.63
3335,1619,11,1,461.12
3336,1620,5,1,982.53
3337,1620,12,1,1259.64
3338,1620,31,2,65.25
3339,1621,24,1,97.52
3340,1621,58,1,77.56
3341,1622,60,1,28.14
3342,1622,64,1,74.51
3343,1623,20,2,33.76
3344,1623,41,1,58.71
3345,1624,1,1,688.3
3346,1624,31,1,55.46
3347,1625,50,1,51.37
3348,1625,43,1,48.08
3349,1625,5,1,982.53
3350,1625,22,1,189.69
3351,1626,24,3,108.35
3352,1627,38,1,19.71
3353,1628,35,2,34.21
3354,1628,25,1,33.08
3355,1628,14,1,201.94
3356,1629,24,1,108.35
3357,1629,62,1,27.47
3358,1629,50,1,51.37
3359,1629,22,1,189.69
3360,1630,48,1,594.32
3361,1630,14,1,201.94
3362,1630,48,1,561.31
3363,1631,42,1,44.87
3364,1632,34,1,53.33
3365,1633,10,3,698.52
3366,1633,62,1,27.47
3367,1633,7,1,953.69
3368,1633,43,1,53.42
3369,1634,40,1,36.71
3370,1635,14,1,201.94
3371,1636,13,1,356.2
3372,1636,58,2,77.56
3373,1636,3,3,1286.4
3374,1637,12,1,1259.64
3375,1637,23,1,129.88
3376,1637,16,1,310.37
3377,1638,17,2,108.48
3378,1638,35,1,34.21
3379,1638,45,1,383.48
3380,1639,55,1,66.53
3381,1639,54,2,635.73
3382,1639,57,1,118.88
3383,1640,36,1,58.83
3384,1640,55,3,66.53
3385,1641,39,3,18.97
3386,1641,11,2,461.12
3387,1642,6,1,1084.38
3388,1642,48,1,594.32
3389,1642,30,1,146.51
3390,1642,17,1,108.48
3391,1643,44,1,48.28
3392,1644,13,1,356.2
3393,1645,63,1,7.06
3394,1645,29,1,131.13
3395,1646,20,2,33.76
3396,1646,47,2,640.67
3397,1647,9,1,844.21
3398,1648,18,1,155.93
3399,1649,1,1,619.47
3400,1649,12,1,1070.69
3401,1649,2,2,718.61
3402,1649,32,1,54.67
3403,1650,4,1,229.87
3404,1650,52,1,795.23
3405,1651,45,1,383.48
3406,1652,35,1,34.21
3407,1652,20,2,33.76
3408,1653,59,1,77.26
3409,1653,31,2,65.25
3410,1654,16,1,344.85
3411,1654,9,1,844.21
3412,1654,26,1,122.84
3413,1655,24,3,108.35
3414,1655,42,1,44.87
3415,1656,13,2,356.2
3416,1656,10,1,698.52
3417,1656,19,1,289.44
3418,1656,42,1,38.14
3419,1657,35,1,34.21
3420,1657,60,2,31.27
3421,1657,29,1,154.27
3422,1657,38,1,19.71
3423,1658,64,1,63.33
3424,1659,57,1,106.99
3425,1659,23,1,144.31
3426,1660,60,2,31.27
3427,1660,15,1,144.7
3428,1660,42,1,40.38
3429,1660,32,1,54.67
3430,1661,7,1,1121.99
3431,1662,60,1,28.14
3432,1662,57,1,118.88
3433,1663,51,3,456.83
3434,1664,50,1,51.37
3435,1665,21,3,52.43
3436,1666,22,2,179.15
3437,1667,39,1,18.97
