order_id,customer_id,order_date,status
1,60,2023-11-25,Delivered
2,58,2024-11-02,Delivered
3,192,2025-03-17,Cancelled
4,139,2025-03-24,Delivered
5,151,2023-09-30,Returned
6,72,2025-01-19,Returned
7,172,2024-12-07,Shipped
8,195,2024-11-05,Delivered
9,132,2023-11-20,Delivered
10,161,2025-10-11,Delivered
11,179,2024-09-19,Delivered
12,75,2025-10-11,Delivered
13,35,2023-08-24,Delivered
14,169,2024-12-22,Shipped
15,62,2025-03-16,Delivered
16,33,2024-10-18,Returned
17,26,2025-05-12,Cancelled
18,40,2024-03-01,Delivered
19,74,2024-04-20,Delivered
20,77,2024-03-05,Delivered
21,157,2025-07-11,Delivered
22,66,2025-06-10,Delivered
23,140,2024-05-11,Delivered
24,92,2025-06-15,Delivered
25,191,2024-06-19,Cancelled
26,197,2025-05-29,Delivered
27,11,2024-02-21,Shipped
28,76,2024-01-31,Delivered
29,70,2023-12-23,Delivered
30,173,2025-09-23,Returned
31,173,2025-05-08,Delivered
32,166,2023-12-24,Delivered
33,78,2025-08-28,Delivered
34,179,2024-11-15,Delivered
35,9,2025-11-21,Delivered
36,92,2024-01-06,Delivered
37,6,2024-12-18,Shipped
38,18,2025-06-06,Delivered
39,34,2024-08-25,Delivered
40,61,2025-04-26,Delivered
41,135,2024-07-17,Delivered
42,169,2025-01-23,Delivered
43,126,2025-03-12,Cancelled
44,17,2024-03-02,Delivered
45,111,2023-09-12,Shipped
46,106,2025-02-20,Shipped
47,171,2024-04-18,Delivered
48,25,2025-03-31,Delivered
49,185,2024-04-29,Returned
50,58,2023-04-29,Delivered
51,197,2025-04-20,Delivered
52,80,2024-10-13,Delivered
53,18,2023-09-07,Delivered
54,41,2025-07-23,Delivered
55,70,2024-02-13,Delivered
56,174,2025-08-26,Delivered
57,66,2024-12-18,Delivered
58,137,2025-03-03,Delivered
59,20,2024-11-15,Delivered
60,159,2025-08-05,Shipped
61,20,2025-06-05,Delivered
62,38,2023-09-11,Delivered
63,20,2024-06-29,Returned
64,165,2025-07-21,Returned
65,121,2024-07-17,Delivered
66,20,2025-10-21,Shipped
67,27,2024-07-22,Returned
68,113,2024-05-07,Delivered
69,174,2025-08-31,Delivered
70,169,2025-04-17,Cancelled
71,168,2025-08-10,Delivered
72,165,2024-09-10,Shipped
73,47,2024-08-14,Delivered
74,34,2024-10-22,Delivered
75,106,2025-03-18,Delivered
76,115,2024-05-10,Delivered
77,95,2025-07-02,Returned
78,32,2024-12-31,Delivered
79,112,2024-11-21,Returned
80,107,2024-02-01,Delivered
81,58,2023-02-06,Delivered
82,10,2024-09-30,Cancelled
83,5,2024-05-16,Delivered
84,61,2024-07-06,Delivered
85,5,2025-06-05,Delivered
86,158,2024-09-09,Delivered
87,130,2025-03-02,Delivered
88,96,2024-09-09,Delivered
89,169,2025-05-13,Delivered
90,119,2025-11-19,Delivered
91,10,2024-10-07,Delivered
92,49,2025-03-01,Delivered
93,87,2025-02-14,Delivered
94,47,2025-07-19,Delivered
95,115,2025-05-23,Delivered
96,187,2024-02-20,Delivered
97,174,2024-06-08,Returned
98,61,2025-11-07,Delivered
99,116,2025-08-11,Delivered
100,31,2025-03-31,Delivered
101,114,2023-05-11,Shipped
102,36,2024-09-29,Shipped
103,34,2024-11-06,Cancelled
104,123,2025-10-07,Delivered
105,133,2025-05-26,Delivered
106,43,2023-10-02,Delivered
107,71,2023-07-26,Delivered
108,185,2025-11-17,Delivered
109,140,2024-09-23,Delivered
110,104,2024-05-28,Delivered
111,37,2025-03-11,Shipped
112,195,2024-05-05,Delivered
113,116,2025-04-07,Delivered
114,64,2024-10-10,Shipped
115,130,2025-01-10,Returned
116,168,2025-07-14,Delivered
117,12,2025-10-26,Delivered
118,175,2025-11-21,Delivered
119,156,2024-09-29,Delivered
120,85,2025-01-30,Delivered
121,168,2025-10-28,Delivered
122,199,2024-11-29,Delivered
123,81,2025-10-19,Delivered
124,187,2023-04-28,Delivered
125,118,2024-12-28,Delivered
126,64,2025-02-09,Delivered
127,181,2025-07-28,Delivered
128,174,2025-07-06,Delivered
129,144,2024-12-14,Delivered
130,136,2025-02-22,Delivered
131,26,2025-10-18,Delivered
132,74,2024-07-25,Delivered
133,137,2025-04-08,Delivered
134,77,2025-09-08,Delivered
135,166,2024-07-10,Delivered
136,50,2024-12-26,Delivered
137,25,2023-09-05,Returned
138,85,2024-01-16,Delivered
139,120,2024-07-23,Delivered
140,57,2025-01-09,Delivered
141,56,2025-10-08,Delivered
142,130,2024-04-24,Delivered
143,30,2025-04-19,Delivered
144,107,2025-03-20,Delivered
145,56,2025-04-03,Delivered
146,9,2024-10-04,Delivered
147,139,2024-03-20,Delivered
148,136,2024-11-13,Delivered
149,119,2025-10-27,Delivered
150,196,2024-12-06,Delivered
151,181,2024-05-03,Delivered
152,194,2025-07-01,Delivered
153,83,2025-01-27,Delivered
154,16,2024-10-04,Returned
155,97,2024-07-21,Delivered
156,144,2024-02-28,Returned
157,116,2025-08-11,Delivered
158,78,2024-04-26,Delivered
159,155,2025-05-22,Delivered
160,121,2025-06-09,Shipped
161,85,2023-11-03,Delivered
162,91,2024-08-02,Delivered
163,172,2024-10-10,Delivered
164,96,2024-02-24,Delivered
165,4,2023-02-20,Delivered
166,173,2025-10-27,Shipped
167,118,2025-01-30,Delivered
168,97,2025-08-02,Delivered
169,136,2024-08-18,Delivered
170,183,2025-01-13,Cancelled
171,174,2025-07-03,Delivered
172,20,2024-12-13,Delivered
173,126,2023-11-02,Delivered
174,163,2024-02-16,Delivered
175,114,2024-02-14,Delivered
176,143,2025-01-17,Delivered
177,84,2025-07-04,Delivered
178,176,2024-10-31,Delivered
179,43,2024-07-08,Delivered
180,158,2024-04-01,Delivered
181,159,2025-05-15,Shipped
182,153,2025-02-23,Delivered
183,189,2025-08-23,Delivered
184,182,2024-02-06,Delivered
185,36,2025-11-09,Delivered
186,154,2025-06-03,Delivered
187,169,2025-06-19,Delivered
188,111,2023-09-19,Delivered
189,174,2025-08-21,Delivered
190,107,2024-03-05,Delivered
191,82,2023-05-08,Delivered
192,41,2024-05-15,Delivered
193,53,2025-04-18,Delivered
194,126,2024-09-04,Returned
195,30,2024-05-14,Delivered
196,22,2025-05-14,Delivered
197,178,2024-07-13,Delivered
198,45,2025-01-04,Delivered
199,159,2024-06-14,Shipped
200,75,2024-06-10,Delivered
201,147,2023-10-18,Delivered
202,27,2025-08-28,Shipped
203,199,2024-07-05,Delivered
204,146,2025-03-23,Delivered
205,132,2025-10-14,Shipped
206,168,2024-01-02,Delivered
207,195,2025-03-14,Delivered
208,116,2024-10-13,Delivered
209,118,2025-04-12,Delivered
210,56,2024-11-01,Shipped
211,88,2025-01-09,Delivered
212,113,2024-05-25,Delivered
213,60,2024-04-17,Delivered
214,88,2023-06-14,Returned
215,27,2024-06-21,Delivered
216,165,2025-09-02,Delivered
217,39,2025-08-29,Delivered
218,187,2024-03-23,Delivered
219,156,2024-02-06,Delivered
220,166,2023-12-15,Shipped
221,93,2024-02-04,Delivered
222,102,2024-09-20,Delivered
223,53,2024-12-13,Delivered
224,187,2023-10-26,Delivered
225,156,2023-06-16,Delivered
226,67,2023-08-15,Delivered
227,183,2025-07-15,Delivered
228,198,2025-01-18,Cancelled
229,63,2024-09-24,Delivered
230,108,2024-05-13,Delivered
231,14,2024-07-25,Delivered
232,84,2024-09-01,Delivered
233,63,2025-11-26,Delivered
234,79,2024-11-07,Delivered
235,149,2023-12-05,Delivered
236,61,2024-06-26,Delivered
237,84,2025-04-26,Delivered
238,28,2024-11-02,Delivered
239,116,2025-06-08,Delivered
240,92,2024-12-14,Delivered
241,143,2025-08-03,Delivered
242,32,2024-03-27,Delivered
243,20,2024-01-22,Returned
244,85,2023-07-16,Delivered
245,175,2025-05-16,Delivered
246,39,2024-08-08,Delivered
247,99,2025-03-21,Delivered
248,92,2025-03-10,Delivered
249,8,2025-03-15,Delivered
250,137,2025-04-06,Delivered
251,37,2025-11-22,Returned
252,135,2025-07-25,Delivered
253,94,2024-10-13,Delivered
254,178,2025-11-09,Shipped
255,177,2024-12-01,Delivered
256,128,2024-11-25,Delivered
257,163,2023-12-11,Shipped
258,90,2024-04-17,Shipped
259,140,2024-12-20,Delivered
260,67,2023-06-13,Delivered
261,141,2024-10-25,Delivered
262,61,2023-12-09,Delivered
263,170,2025-09-06,Delivered
264,75,2024-07-30,Delivered
265,68,2024-03-17,Delivered
266,48,2024-12-04,Delivered
267,171,2023-11-08,Delivered
268,59,2024-09-19,Delivered
269,61,2025-01-01,Delivered
270,147,2025-05-17,Returned
271,55,2024-12-28,Delivered
272,82,2025-03-14,Cancelled
273,84,2025-03-14,Delivered
274,200,2024-11-14,Shipped
275,103,2024-10-21,Delivered
276,179,2025-04-12,Delivered
277,105,2025-10-13,Delivered
278,130,2024-11-16,Delivered
279,130,2024-11-09,Delivered
280,46,2025-09-13,Delivered
281,192,2025-07-18,Delivered
282,200,2025-03-10,Shipped
283,3,2024-08-13,Cancelled
284,165,2024-07-17,Delivered
285,120,2024-07-18,Delivered
286,124,2023-10-27,Delivered
287,168,2025-08-23,Returned
288,104,2025-06-04,Delivered
289,67,2024-04-29,Delivered
290,92,2025-04-07,Delivered
291,33,2025-06-19,Delivered
292,96,2024-09-16,Delivered
293,129,2023-08-30,Shipped
294,36,2024-08-23,Delivered
295,41,2024-10-25,Shipped
296,96,2024-01-08,Cancelled
297,129,2024-12-22,Delivered
298,117,2025-06-23,Delivered
299,49,2024-10-28,Returned
300,137,2024-12-11,Delivered
301,3,2024-02-18,Delivered
302,36,2025-04-03,Shipped
303,128,2025-01-23,Delivered
304,124,2024-07-26,Delivered
305,39,2024-10-04,Delivered
306,60,2024-05-15,Returned
307,11,2024-02-02,Delivered
308,170,2025-09-28,Delivered
309,188,2023-06-16,Delivered
310,70,2024-08-05,Delivered
311,16,2023-08-24,Delivered
312,113,2023-04-01,Delivered
313,25,2024-05-16,Delivered
314,99,2025-04-02,Shipped
315,126,2024-02-05,Delivered
316,5,2023-12-11,Delivered
317,78,2025-09-13,Delivered
318,85,2024-10-06,Delivered
319,1,2025-10-01,Delivered
320,127,2024-10-27,Shipped
321,184,2024-11-23,Delivered
322,35,2024-11-05,Delivered
323,154,2025-10-11,Cancelled
324,76,2024-06-08,Shipped
325,189,2025-03-31,Delivered
326,34,2025-02-15,Delivered
327,98,2024-12-06,Delivered
328,74,2025-07-31,Delivered
329,58,2025-02-07,Delivered
330,98,2025-08-11,Delivered
331,166,2024-10-31,Delivered
332,20,2024-07-09,Returned
333,2,2024-09-12,Delivered
334,82,2024-08-20,Delivered
335,107,2025-06-17,Delivered
336,85,2024-02-15,Delivered
337,3,2023-08-11,Delivered
338,99,2025-07-21,Delivered
339,115,2025-01-24,Delivered
340,27,2024-03-03,Delivered
341,14,2024-07-24,Shipped
342,111,2024-04-21,Delivered
343,19,2025-10-14,Cancelled
344,196,2025-11-04,Delivered
345,187,2024-12-18,Delivered
346,132,2024-04-12,Delivered
347,141,2025-11-06,Delivered
348,125,2024-06-20,Delivered
349,125,2024-10-21,Delivered
350,2,2024-08-25,Delivered
351,35,2025-05-09,Delivered
352,20,2024-01-19,Shipped
353,139,2025-03-02,Delivered
354,188,2024-01-04,Delivered
355,176,2024-03-25,Delivered
356,169,2024-01-05,Delivered
357,60,2023-03-18,Delivered
358,83,2024-09-12,Delivered
359,168,2023-11-13,Delivered
360,124,2025-05-02,Delivered
361,85,2025-03-19,Delivered
362,33,2024-12-30,Delivered
363,15,2025-03-25,Delivered
364,164,2024-07-07,Cancelled
365,154,2024-06-24,Shipped
366,152,2023-05-26,Delivered
367,130,2025-08-30,Delivered
368,154,2024-03-09,Cancelled
369,174,2025-10-22,Delivered
370,197,2024-08-17,Delivered
371,105,2024-06-05,Delivered
372,40,2025-02-24,Delivered
373,71,2025-02-13,Delivered
374,143,2024-11-05,Delivered
375,189,2024-01-31,Shipped
376,103,2025-08-24,Shipped
377,121,2024-12-26,Delivered
378,158,2025-07-16,Delivered
379,131,2025-08-31,Delivered
380,71,2025-05-26,Delivered
381,144,2024-08-20,Delivered
382,132,2024-08-08,Cancelled
383,8,2024-05-15,Delivered
384,81,2025-10-13,Returned
385,88,2023-04-29,Delivered
386,69,2024-01-18,Returned
387,53,2025-02-26,Delivered
388,31,2024-09-24,Delivered
389,159,2025-03-09,Delivered
390,199,2024-05-02,Delivered
391,4,2024-12-24,Delivered
392,69,2024-11-08,Returned
393,108,2025-09-13,Delivered
394,147,2023-11-05,Returned
395,38,2025-02-07,Delivered
396,13,2025-05-28,Delivered
397,162,2024-08-08,Delivered
398,66,2025-02-12,Delivered
399,167,2025-05-29,Delivered
400,119,2025-09-14,Returned
401,182,2024-04-05,Delivered
402,192,2025-04-05,Delivered
403,65,2025-05-11,Delivered
404,17,2025-02-20,Delivered
405,27,2024-04-30,Delivered
406,189,2024-06-28,Delivered
407,92,2024-10-03,Shipped
408,163,2025-04-11,Delivered
409,79,2025-08-02,Delivered
410,89,2025-06-10,Delivered
411,77,2024-02-14,Delivered
412,166,2024-11-23,Shipped
413,176,2024-07-12,Delivered
414,126,2023-09-22,Delivered
415,73,2025-04-09,Delivered
416,108,2024-08-11,Shipped
417,15,2025-07-05,Delivered
418,98,2024-07-23,Delivered
419,54,2025-06-12,Delivered
420,163,2024-11-29,Delivered
421,63,2024-08-17,Returned
422,41,2024-11-04,Delivered
423,33,2024-10-03,Delivered
424,48,2025-03-14,Delivered
425,139,2024-11-14,Delivered
426,49,2025-10-31,Delivered
427,12,2025-01-21,Delivered
428,9,2025-07-22,Delivered
429,152,2023-12-04,Delivered
430,168,2025-01-10,Cancelled
431,158,2024-06-12,Delivered
432,169,2024-04-19,Delivered
433,41,2024-12-09,Returned
434,111,2025-06-15,Delivered
435,191,2025-01-15,Delivered
436,35,2024-04-18,Delivered
437,60,2023-10-23,Shipped
438,188,2023-05-31,Delivered
439,98,2024-09-29,Shipped
440,98,2024-09-04,Delivered
441,57,2025-01-29,Delivered
442,22,2024-10-25,Delivered
443,129,2024-07-17,Delivered
444,125,2024-08-25,Delivered
445,199,2025-01-19,Delivered
446,90,2025-04-21,Shipped
447,38,2023-11-03,Delivered
448,138,2025-06-15,Delivered
449,5,2024-09-16,Delivered
450,159,2025-01-23,Delivered
451,93,2023-07-05,Delivered
452,6,2024-12-07,Delivered
453,91,2025-02-08,Delivered
454,66,2025-03-28,Cancelled
455,176,2024-05-27,Delivered
456,36,2025-09-16,Delivered
457,137,2025-03-19,Delivered
458,106,2025-05-05,Delivered
459,60,2024-10-05,Delivered
460,121,2025-04-20,Delivered
461,42,2024-04-12,Delivered
462,194,2023-11-24,Delivered
463,147,2025-02-21,Delivered
464,189,2023-10-22,Delivered
465,119,2024-05-26,Delivered
466,129,2023-08-23,Delivered
467,152,2025-03-15,Cancelled
468,41,2024-07-03,Delivered
469,169,2024-01-09,Delivered
470,187,2025-04-21,Returned
471,52,2024-09-17,Delivered
472,140,2023-12-07,Delivered
473,154,2025-10-05,Delivered
474,77,2025-01-09,Cancelled
475,173,2025-05-31,Delivered
476,197,2024-05-25,Delivered
477,54,2025-11-01,Delivered
478,67,2024-08-17,Delivered
479,157,2025-02-08,Delivered
480,177,2024-11-18,Delivered
481,197,2023-07-30,Delivered
482,8,2023-07-06,Delivered
483,86,2024-12-15,Shipped
484,54,2025-09-27,Delivered
485,147,2025-03-05,Delivered
486,128,2025-03-04,Delivered
487,130,2023-10-25,Shipped
488,118,2024-08-01,Delivered
489,27,2025-01-20,Delivered
490,172,2024-12-20,Delivered
491,144,2024-06-11,Delivered
492,19,2025-08-27,Delivered
493,121,2025-03-13,Delivered
494,181,2025-11-15,Cancelled
495,195,2025-03-08,Shipped
496,179,2024-09-02,Delivered
497,67,2024-03-04,Delivered
498,122,2024-08-20,Delivered
499,183,2024-03-21,Delivered
500,141,2024-12-31,Returned
501,152,2024-05-31,Shipped
502,147,2024-11-03,Delivered
503,18,2024-12-17,Delivered
504,39,2025-10-10,Delivered
505,82,2024-01-01,Delivered
506,16,2024-03-26,Cancelled
507,140,2024-07-05,Delivered
508,33,2023-10-07,Delivered
509,22,2023-11-13,Delivered
510,131,2025-05-29,Delivered
511,61,2025-08-31,Delivered
512,149,2025-01-04,Returned
513,23,2024-10-02,Delivered
514,121,2024-11-29,Delivered
515,67,2023-04-29,Delivered
516,33,2024-10-21,Delivered
517,190,2025-03-02,Delivered
518,61,2025-01-10,Delivered
519,99,2025-07-02,Delivered
520,78,2025-08-11,Delivered
521,175,2024-04-17,Delivered
522,26,2024-08-08,Delivered
523,198,2025-04-22,Delivered
524,106,2024-06-18,Delivered
525,159,2024-07-24,Delivered
526,23,2025-10-05,Delivered
527,170,2024-02-21,Delivered
528,67,2023-11-24,Delivered
529,166,2025-03-07,Delivered
530,67,2023-06-11,Delivered
531,128,2024-12-03,Delivered
532,85,2024-04-16,Delivered
533,32,2025-10-16,Delivered
534,49,2025-03-15,Delivered
535,139,2025-08-24,Delivered
536,185,2024-04-20,Delivered
537,149,2024-04-24,Cancelled
538,121,2025-01-14,Delivered
539,17,2024-02-10,Delivered
540,174,2025-02-11,Delivered
541,11,2023-08-25,Delivered
542,167,2025-07-24,Cancelled
543,116,2025-09-22,Delivered
544,23,2025-10-28,Shipped
545,50,2024-10-28,Returned
546,172,2024-10-05,Delivered
547,158,2025-10-29,Delivered
548,41,2023-07-11,Delivered
549,149,2024-07-28,Delivered
550,57,2024-11-09,Delivered
551,35,2024-09-24,Delivered
552,72,2024-12-04,Delivered
553,41,2025-03-26,Returned
554,64,2025-01-08,Delivered
555,121,2025-05-12,Delivered
556,26,2025-02-26,Delivered
557,56,2024-01-02,Delivered
558,79,2025-01-05,Delivered
559,161,2024-09-26,Delivered
560,159,2025-03-30,Delivered
561,99,2025-11-10,Delivered
562,181,2024-05-22,Delivered
563,83,2025-05-26,Cancelled
564,129,2024-10-20,Shipped
565,23,2024-04-16,Delivered
566,38,2024-06-04,Delivered
567,139,2024-03-19,Delivered
568,86,2024-10-24,Delivered
569,34,2023-12-29,Delivered
570,198,2024-11-22,Delivered
571,183,2025-06-03,Delivered
572,38,2024-01-29,Delivered
573,122,2025-02-17,Returned
574,174,2025-07-14,Delivered
575,84,2024-07-31,Delivered
576,51,2024-05-25,Delivered
577,102,2023-09-19,Delivered
578,144,2023-04-01,Delivered
579,122,2025-10-16,Returned
580,164,2025-03-24,Delivered
581,78,2025-08-29,Delivered
582,163,2025-01-07,Delivered
583,127,2024-08-13,Delivered
584,31,2025-07-23,Delivered
585,35,2024-06-13,Delivered
586,13,2025-02-06,Delivered
587,193,2024-07-03,Delivered
588,106,2025-02-21,Cancelled
589,158,2025-08-20,Shipped
590,123,2025-04-08,Delivered
591,88,2023-08-06,Delivered
592,59,2024-01-11,Delivered
593,20,2024-01-19,Delivered
594,3,2025-05-27,Delivered
595,48,2025-07-22,Delivered
596,91,2024-07-24,Shipped
597,138,2024-11-15,Returned
598,122,2025-05-07,Delivered
599,98,2025-09-18,Delivered
600,32,2025-07-05,Delivered
601,185,2024-04-18,Delivered
602,58,2024-07-29,Delivered
603,22,2023-10-26,Delivered
604,87,2025-02-28,Delivered
605,72,2024-12-15,Delivered
606,161,2024-11-30,Delivered
607,160,2024-07-06,Delivered
608,130,2024-06-23,Delivered
609,114,2024-05-26,Delivered
610,126,2024-05-28,Delivered
611,130,2023-11-26,Delivered
612,152,2023-05-02,Delivered
613,88,2024-03-06,Delivered
614,170,2024-08-12,Delivered
615,84,2024-07-13,Delivered
616,53,2025-06-16,Delivered
617,138,2025-06-18,Delivered
618,191,2024-08-02,Delivered
619,20,2025-10-28,Shipped
620,65,2025-01-09,Delivered
621,120,2024-06-13,Cancelled
622,119,2024-05-07,Delivered
623,74,2025-06-23,Delivered
624,80,2025-02-18,Delivered
625,22,2024-05-12,Delivered
626,199,2025-04-26,Delivered
627,37,2024-08-12,Delivered
628,95,2024-06-18,Delivered
629,32,2025-09-13,Shipped
630,105,2023-10-20,Delivered
631,86,2025-09-02,Delivered
632,196,2024-10-05,Delivered
633,79,2025-06-10,Delivered
634,196,2024-12-24,Shipped
635,152,2024-02-15,Shipped
636,97,2025-08-21,Delivered
637,31,2024-07-20,Delivered
638,49,2025-02-09,Delivered
639,187,2025-01-17,Delivered
640,61,2025-05-26,Delivered
641,35,2024-05-10,Returned
642,153,2025-06-26,Delivered
643,182,2025-08-11,Shipped
644,172,2025-09-05,Delivered
645,81,2024-10-01,Returned
646,68,2025-05-27,Delivered
647,121,2024-01-13,Delivered
648,144,2024-05-12,Delivered
649,53,2025-04-23,Delivered
650,150,2024-02-26,Delivered
651,28,2025-04-23,Delivered
652,2,2024-09-11,Returned
653,165,2024-07-25,Delivered
654,98,2024-10-13,Delivered
655,42,2024-10-29,Delivered
656,111,2025-06-25,Shipped
657,95,2025-01-13,Delivered
658,95,2025-04-27,Delivered
659,176,2025-10-07,Delivered
660,77,2024-07-06,Returned
661,142,2025-01-29,Cancelled
662,129,2023-05-16,Delivered
663,77,2024-12-22,Delivered
664,55,2024-12-20,Delivered
665,93,2025-02-21,Delivered
666,29,2024-11-06,Delivered
667,38,2024-11-08,Delivered
668,114,2024-06-21,Delivered
669,189,2025-04-26,Delivered
670,125,2024-03-11,Delivered
671,107,2025-04-06,Delivered
672,50,2025-10-23,Delivered
673,184,2025-10-15,Delivered
674,45,2024-01-06,Delivered
675,13,2024-05-04,Delivered
676,9,2024-02-19,Delivered
677,125,2024-04-07,Returned
678,118,2025-08-13,Delivered
679,130,2024-01-15,Delivered
680,187,2023-12-20,Delivered
681,113,2024-04-13,Delivered
682,44,2024-08-30,Delivered
683,110,2024-06-22,Cancelled
684,112,2024-10-21,Delivered
685,170,2025-05-21,Returned
686,38,2024-12-30,Delivered
687,22,2023-08-02,Delivered
688,73,2025-02-11,Delivered
689,152,2023-12-06,Delivered
690,32,2025-06-17,Delivered
691,189,2024-05-22,Delivered
692,109,2025-09-13,Delivered
693,20,2025-01-12,Delivered
694,177,2025-06-19,Delivered
695,181,2025-08-22,Shipped
696,192,2024-01-20,Returned
697,29,2025-02-21,Delivered
698,96,2024-10-30,Delivered
699,108,2023-11-15,Cancelled
700,126,2023-03-16,Delivered
701,80,2025-06-02,Delivered
702,156,2023-09-03,Delivered
703,84,2024-09-04,Shipped
704,114,2025-03-05,Delivered
705,182,2024-05-18,Delivered
706,139,2025-06-17,Delivered
707,156,2024-03-14,Delivered
708,107,2024-01-02,Shipped
709,139,2024-04-25,Delivered
710,174,2024-06-18,Delivered
711,151,2024-05-08,Delivered
712,105,2025-06-25,Delivered
713,129,2023-11-24,Shipped
714,116,2024-09-08,Delivered
715,70,2025-03-11,Delivered
716,137,2024-10-10,Delivered
717,143,2024-04-10,Cancelled
718,163,2024-06-05,Returned
719,35,2025-04-05,Cancelled
720,181,2025-07-28,Delivered
721,97,2025-09-21,Delivered
722,50,2025-09-28,Delivered
723,60,2024-06-22,Returned
724,156,2023-11-21,Delivered
725,71,2023-10-02,Shipped
726,165,2025-08-29,Returned
727,71,2023-07-22,Delivered
728,137,2024-06-15,Delivered
729,58,2024-12-15,Delivered
730,80,2024-01-04,Delivered
731,152,2024-12-17,Cancelled
732,159,2025-07-14,Delivered
733,17,2024-03-03,Delivered
734,98,2025-08-26,Delivered
735,26,2024-11-02,Delivered
736,18,2024-12-12,Shipped
737,91,2025-04-17,Delivered
738,92,2024-09-18,Delivered
739,169,2025-07-03,Delivered
740,52,2024-11-23,Delivered
741,85,2023-08-26,Delivered
742,53,2025-08-20,Delivered
743,57,2025-05-21,Delivered
744,46,2025-02-08,Cancelled
745,87,2025-03-10,Delivered
746,160,2025-06-17,Cancelled
747,49,2024-11-25,Delivered
748,151,2024-03-20,Shipped
749,162,2025-02-12,Cancelled
750,46,2025-04-10,Delivered
751,167,2024-01-01,Delivered
752,193,2024-04-09,Delivered
753,111,2024-07-25,Delivered
754,20,2025-01-01,Cancelled
755,26,2024-03-21,Delivered
756,85,2023-11-24,Delivered
757,73,2025-06-27,Shipped
758,195,2023-09-21,Shipped
759,151,2025-03-27,Delivered
760,143,2023-07-29,Delivered
761,91,2025-01-23,Delivered
762,146,2024-04-30,Cancelled
763,156,2024-11-28,Shipped
764,155,2024-10-14,Delivered
765,135,2024-06-02,Delivered
766,101,2023-09-25,Returned
767,100,2025-02-18,Delivered
768,122,2024-10-06,Delivered
769,126,2024-06-27,Delivered
770,183,2024-10-02,Delivered
771,101,2025-04-02,Returned
772,138,2025-09-05,Delivered
773,32,2025-03-27,Delivered
774,65,2023-11-09,Delivered
775,103,2025-03-30,Delivered
776,192,2024-11-30,Delivered
777,36,2025-05-27,Shipped
778,196,2024-08-24,Delivered
779,9,2025-11-06,Delivered
780,114,2023-04-05,Delivered
781,96,2024-08-25,Delivered
782,172,2024-10-25,Delivered
783,110,2023-08-27,Delivered
784,168,2024-07-14,Delivered
785,167,2025-08-24,Delivered
786,128,2024-10-16,Delivered
787,35,2024-05-19,Delivered
788,190,2025-05-25,Delivered
789,21,2025-01-31,Delivered
790,154,2025-04-28,Delivered
791,134,2025-10-12,Delivered
792,85,2024-02-26,Delivered
793,134,2025-07-09,Delivered
794,53,2024-11-12,Delivered
795,43,2025-04-27,Delivered
796,70,2024-11-11,Delivered
797,40,2025-07-04,Delivered
798,97,2025-08-12,Delivered
799,40,2024-06-27,Delivered
800,32,2025-04-13,Cancelled
801,90,2025-01-01,Delivered
802,64,2025-01-03,Delivered
803,149,2025-07-08,Shipped
804,102,2025-04-13,Delivered
805,23,2024-05-15,Delivered
806,126,2023-03-15,Delivered
807,35,2024-01-02,Delivered
808,50,2025-03-22,Returned
809,8,2024-08-29,Delivered
810,25,2023-10-02,Delivered
811,194,2024-04-08,Delivered
812,93,2025-01-26,Delivered
813,36,2024-02-26,Delivered
814,83,2024-06-16,Delivered
815,156,2023-11-06,Delivered
816,62,2024-04-14,Delivered
817,185,2024-11-26,Delivered
818,112,2025-04-15,Delivered
819,30,2024-12-30,Delivered
820,33,2024-11-05,Delivered
821,175,2025-06-15,Delivered
822,129,2025-04-04,Delivered
823,199,2024-05-07,Shipped
824,122,2025-04-18,Delivered
825,101,2023-07-26,Delivered
826,75,2024-10-03,Delivered
827,97,2025-03-27,Delivered
828,46,2024-07-08,Delivered
829,62,2024-09-18,Delivered
830,98,2025-04-18,Delivered
831,131,2024-11-06,Delivered
832,166,2025-10-09,Delivered
833,143,2024-12-29,Shipped
834,169,2023-12-07,Delivered
835,148,2025-06-10,Delivered
836,22,2023-10-31,Delivered
837,1,2025-06-28,Delivered
838,12,2025-05-11,Delivered
839,142,2025-06-21,Delivered
840,67,2024-03-22,Delivered
841,174,2025-03-07,Returned
842,69,2025-04-23,Delivered
843,131,2025-11-30,Delivered
844,137,2023-07-04,Delivered
845,58,2023-10-16,Delivered
846,32,2024-09-10,Delivered
847,47,2024-12-26,Shipped
848,183,2024-05-10,Delivered
849,164,2025-07-02,Delivered
850,113,2024-02-10,Shipped
851,79,2025-09-13,Delivered
852,127,2024-06-16,Returned
853,2,2025-10-10,Delivered
854,135,2024-11-08,Delivered
855,98,2025-01-01,Delivered
856,75,2025-03-10,Delivered
857,101,2023-11-26,Cancelled
858,48,2024-10-20,Delivered
859,132,2024-04-24,Delivered
860,28,2025-08-19,Delivered
861,51,2024-08-23,Delivered
862,9,2024-05-28,Delivered
863,6,2025-03-06,Delivered
864,3,2024-07-03,Delivered
865,159,2024-09-24,Delivered
866,180,2025-05-10,Delivered
867,39,2025-02-23,Delivered
868,24,2024-12-09,Delivered
869,165,2023-12-01,Delivered
870,108,2024-06-05,Delivered
871,191,2025-03-25,Delivered
872,29,2025-01-28,Delivered
873,96,2024-08-24,Delivered
874,34,2024-11-24,Delivered
875,26,2024-02-05,Returned
876,108,2025-04-12,Delivered
877,179,2023-09-21,Delivered
878,70,2024-02-04,Delivered
879,132,2025-02-27,Delivered
880,137,2023-11-12,Delivered
881,54,2025-08-14,Delivered
882,157,2025-04-12,Delivered
883,188,2023-12-24,Delivered
884,187,2025-03-08,Delivered
885,118,2024-01-07,Shipped
886,166,2024-08-04,Delivered
887,156,2023-10-30,Delivered
888,104,2023-11-08,Delivered
889,99,2024-11-22,Delivered
890,69,2023-12-08,Cancelled
891,52,2025-02-03,Delivered
892,178,2024-11-19,Delivered
893,27,2025-01-10,Cancelled
894,74,2024-04-19,Cancelled
895,92,2024-01-22,Delivered
896,39,2025-01-02,Delivered
897,171,2025-07-04,Delivered
898,38,2023-12-06,Delivered
899,38,2023-04-15,Delivered
900,109,2025-11-23,Delivered
901,137,2024-07-30,Delivered
902,93,2023-03-19,Delivered
903,108,2024-06-01,Delivered
904,181,2024-08-08,Delivered
905,149,2023-11-13,Delivered
906,4,2024-09-07,Shipped
907,87,2025-11-04,Shipped
908,129,2023-10-11,Delivered
909,134,2025-09-04,Returned
910,57,2025-10-01,Delivered
911,14,2025-02-07,Delivered
912,155,2025-08-07,Shipped
913,17,2024-05-28,Delivered
914,12,2024-10-30,Delivered
915,129,2023-08-11,Delivered
916,119,2024-02-26,Cancelled
917,168,2024-01-17,Delivered
918,87,2025-05-31,Delivered
919,80,2025-05-14,Shipped
920,94,2025-07-27,Delivered
921,114,2024-12-07,Cancelled
922,106,2025-08-10,Delivered
923,103,2024-11-25,Delivered
924,17,2024-09-13,Delivered
925,140,2024-05-09,Returned
926,98,2024-09-12,Cancelled
927,14,2024-08-27,Shipped
928,48,2023-10-30,Delivered
929,147,2024-07-26,Shipped
930,188,2024-01-31,Delivered
931,163,2024-12-15,Delivered
932,154,2025-02-19,Delivered
933,4,2024-02-17,Shipped
934,167,2025-03-05,Delivered
935,30,2023-11-20,Delivered
936,159,2024-07-31,Returned
937,149,2023-10-02,Delivered
938,102,2023-04-28,Cancelled
939,9,2023-12-31,Delivered
940,14,2025-09-06,Delivered
941,67,2024-09-14,Delivered
942,3,2025-01-18,Delivered
943,34,2024-05-28,Delivered
944,14,2024-10-31,Delivered
945,27,2023-11-27,Delivered
946,93,2023-10-15,Delivered
947,97,2024-12-01,Delivered
948,156,2023-05-23,Delivered
949,154,2025-08-11,Delivered
950,40,2024-07-24,Shipped
951,57,2024-11-19,Delivered
952,50,2025-03-13,Delivered
953,185,2025-07-20,Delivered
954,91,2025-02-27,Cancelled
955,47,2024-12-03,Delivered
956,96,2025-01-08,Delivered
957,184,2024-11-13,Delivered
958,56,2023-12-03,Delivered
959,51,2024-06-21,Shipped
960,152,2024-04-12,Delivered
961,2,2025-01-24,Delivered
962,186,2025-03-01,Delivered
963,32,2025-04-01,Cancelled
964,36,2024-05-17,Returned
965,29,2024-12-09,Returned
966,70,2025-06-22,Delivered
967,38,2025-02-22,Delivered
968,58,2023-04-13,Delivered
969,169,2025-06-01,Delivered
970,16,2023-10-17,Delivered
971,88,2023-09-12,Shipped
972,94,2025-08-29,Returned
973,191,2024-08-20,Delivered
974,131,2025-02-25,Delivered
975,188,2024-05-18,Delivered
976,156,2024-09-07,Delivered
977,57,2024-12-21,Delivered
978,26,2024-08-29,Delivered
979,69,2024-12-03,Delivered
980,160,2025-07-31,Delivered
981,46,2025-02-10,Cancelled
982,150,2023-07-25,Delivered
983,75,2024-12-27,Delivered
984,86,2024-12-05,Delivered
985,94,2025-11-12,Delivered
986,29,2025-07-24,Delivered
987,179,2024-07-26,Delivered
988,45,2024-03-13,Cancelled
989,71,2024-01-30,Delivered
990,89,2025-06-12,Delivered
991,134,2025-06-06,Delivered
992,56,2024-06-04,Shipped
993,1,2024-12-07,Delivered
994,171,2025-09-26,Delivered
995,67,2024-01-01,Delivered
996,149,2024-01-19,Delivered
997,78,2025-02-17,Delivered
998,114,2025-01-21,Delivered
999,36,2025-10-21,Cancelled
1000,133,2025-09-22,Shipped
1001,28,2025-05-03,Delivered
1002,37,2025-11-21,Delivered
1003,185,2024-03-14,Shipped
1004,134,2024-11-21,Delivered
1005,101,2023-06-13,Cancelled
1006,140,2024-08-24,Shipped
1007,169,2024-04-11,Delivered
1008,101,2024-05-17,Delivered
1009,8,2023-10-25,Delivered
1010,36,2025-05-24,Cancelled
1011,135,2025-04-26,Delivered
1012,145,2025-02-27,Delivered
1013,199,2025-09-10,Delivered
1014,90,2025-03-19,Delivered
1015,28,2025-10-20,Cancelled
1016,187,2024-03-23,Delivered
1017,196,2025-08-31,Delivered
1018,113,2025-01-08,Delivered
1019,50,2024-09-26,Delivered
1020,146,2025-10-09,Shipped
1021,147,2024-10-21,Delivered
1022,110,2025-01-25,Delivered
1023,77,2024-05-18,Delivered
1024,65,2024-05-14,Delivered
1025,137,2024-10-23,Delivered
1026,168,2023-09-25,Delivered
1027,85,2025-04-26,Delivered
1028,34,2023-11-23,Delivered
1029,90,2024-10-13,Delivered
1030,5,2025-03-15,Delivered
1031,180,2025-11-10,Delivered
1032,91,2024-08-27,Delivered
1033,15,2025-02-12,Delivered
1034,63,2025-06-03,Delivered
1035,65,2024-10-18,Delivered
1036,135,2024-12-21,Delivered
1037,36,2025-07-17,Delivered
1038,30,2023-06-14,Delivered
1039,22,2023-08-26,Delivered
1040,53,2025-07-30,Delivered
1041,194,2024-04-07,Cancelled
1042,74,2025-03-01,Delivered
1043,34,2023-03-06,Delivered
1044,10,2025-09-02,Delivered
1045,4,2023-06-10,Delivered
1046,120,2023-10-20,Returned
1047,142,2025-09-29,Returned
1048,59,2024-12-07,Delivered
1049,67,2023-11-16,Delivered
1050,61,2024-03-28,Delivered
1051,73,2024-12-01,Delivered
1052,160,2024-04-30,Delivered
1053,55,2025-04-30,Delivered
1054,21,2025-02-18,Returned
1055,60,2024-05-14,Delivered
1056,138,2025-07-19,Delivered
1057,105,2024-11-20,Delivered
1058,47,2025-04-16,Delivered
1059,121,2025-05-21,Delivered
1060,62,2025-08-07,Delivered
1061,12,2024-11-25,Delivered
1062,112,2025-06-12,Delivered
1063,98,2025-06-04,Delivered
1064,13,2025-11-14,Delivered
1065,11,2025-05-02,Cancelled
1066,125,2024-10-09,Delivered
1067,60,2024-12-16,Delivered
1068,139,2025-05-08,Shipped
1069,147,2024-09-02,Delivered
1070,127,2025-03-02,Delivered
1071,91,2024-05-01,Delivered
1072,86,2024-06-07,Delivered
1073,170,2025-09-07,Delivered
1074,173,2025-03-01,Delivered
1075,34,2023-09-10,Delivered
1076,126,2024-10-05,Delivered
1077,47,2024-11-10,Shipped
1078,108,2024-12-27,Delivered
1079,181,2024-07-24,Delivered
1080,130,2024-05-07,Cancelled
1081,103,2025-06-05,Cancelled
1082,79,2025-10-25,Delivered
1083,157,2025-05-18,Delivered
1084,17,2025-08-25,Delivered
1085,102,2025-04-25,Delivered
1086,27,2024-12-31,Delivered
1087,64,2024-06-03,Delivered
1088,190,2025-07-02,Shipped
1089,139,2025-07-16,Cancelled
1090,80,2024-09-27,Delivered
1091,24,2025-06-02,Returned
1092,187,2024-04-02,Returned
1093,80,2024-10-06,Delivered
1094,152,2023-11-27,Delivered
1095,65,2024-06-05,Delivered
1096,145,2025-11-20,Delivered
1097,140,2025-04-26,Delivered
1098,180,2024-11-17,Delivered
1099,135,2025-08-03,Delivered
1100,37,2025-02-16,Delivered
1101,121,2024-08-07,Delivered
1102,122,2024-05-07,Delivered
1103,80,2025-10-19,Delivered
1104,90,2025-05-11,Delivered
1105,73,2025-09-17,Delivered
1106,139,2025-08-22,Delivered
1107,72,2025-01-16,Delivered
1108,155,2024-03-11,Returned
1109,1,2025-09-13,Delivered
1110,80,2025-04-18,Delivered
1111,37,2025-07-16,Delivered
1112,7,2025-09-05,Shipped
1113,135,2024-10-08,Delivered
1114,129,2023-05-13,Delivered
1115,181,2024-11-29,Delivered
1116,156,2025-01-27,Delivered
1117,189,2024-03-11,Cancelled
1118,16,2024-01-29,Delivered
1119,82,2025-02-24,Delivered
1120,156,2023-11-10,Delivered
1121,23,2025-08-26,Cancelled
1122,48,2024-07-26,Delivered
1123,181,2025-01-02,Delivered
1124,70,2024-01-28,Delivered
1125,91,2025-09-25,Delivered
1126,112,2025-08-10,Delivered
1127,67,2023-10-07,Delivered
1128,48,2025-01-03,Delivered
1129,162,2025-05-04,Shipped
1130,166,2024-01-31,Delivered
1131,193,2024-02-05,Delivered
1132,154,2025-01-09,Delivered
1133,152,2023-04-15,Delivered
1134,135,2024-10-12,Returned
1135,197,2023-12-15,Shipped
1136,78,2025-02-19,Delivered
1137,63,2025-01-12,Delivered
1138,172,2025-09-11,Shipped
1139,101,2024-10-15,Delivered
1140,93,2024-02-28,Delivered
1141,59,2023-07-22,Delivered
1142,47,2025-03-18,Delivered
1143,46,2024-10-30,Delivered
1144,168,2024-10-13,Shipped
1145,117,2023-06-20,Delivered
1146,29,2025-04-22,Returned
1147,152,2023-12-06,Delivered
1148,176,2024-10-20,Delivered
1149,139,2024-08-04,Delivered
1150,163,2023-10-18,Delivered
1151,64,2024-10-26,Delivered
1152,71,2024-03-07,Returned
1153,96,2024-02-02,Delivered
1154,30,2023-12-06,Delivered
1155,174,2024-10-14,Delivered
1156,154,2025-11-10,Delivered
1157,17,2025-07-12,Delivered
1158,89,2025-11-19,Delivered
1159,89,2024-11-14,Delivered
1160,143,2025-07-29,Delivered
1161,25,2024-04-08,Delivered
1162,163,2025-10-31,Delivered
1163,116,2025-01-04,Cancelled
1164,168,2024-02-18,Delivered
1165,8,2024-10-02,Delivered
1166,157,2025-02-25,Delivered
1167,42,2025-01-08,Delivered
1168,155,2024-08-29,Returned
1169,2,2025-11-14,Delivered
1170,138,2025-03-14,Delivered
1171,11,2024-04-17,Delivered
1172,54,2024-11-10,Delivered
1173,88,2023-12-10,Delivered
1174,71,2024-11-17,Delivered
1175,145,2025-03-23,Delivered
1176,113,2025-01-02,Delivered
1177,78,2024-09-09,Delivered
1178,40,2025-08-08,Shipped
1179,166,2024-04-11,Cancelled
1180,53,2025-02-21,Delivered
1181,4,2025-03-08,Shipped
1182,21,2025-01-27,Delivered
1183,63,2025-03-29,Delivered
1184,188,2023-05-17,Cancelled
1185,195,2024-12-07,Delivered
1186,19,2025-05-02,Delivered
1187,146,2024-04-07,Delivered
1188,162,2024-10-29,Delivered
1189,88,2023-11-19,Delivered
1190,121,2024-09-10,Delivered
1191,114,2024-01-27,Delivered
1192,79,2025-06-16,Delivered
1193,197,2024-09-01,Shipped
1194,95,2024-01-03,Delivered
1195,36,2025-05-12,Delivered
1196,66,2024-12-23,Shipped
1197,143,2025-01-22,Delivered
1198,121,2023-06-08,Shipped
1199,151,2024-09-27,Delivered
1200,113,2023-12-01,Delivered
1201,106,2024-08-12,Cancelled
1202,67,2024-09-18,Delivered
1203,190,2025-08-16,Returned
1204,48,2024-07-29,Delivered
1205,6,2025-03-20,Delivered
1206,96,2024-01-10,Delivered
1207,147,2024-10-15,Delivered
1208,148,2025-09-07,Delivered
1209,171,2024-02-22,Delivered
1210,53,2025-05-18,Delivered
1211,90,2023-10-08,Delivered
1212,78,2024-09-25,Delivered
1213,36,2025-04-25,Delivered
1214,24,2025-04-15,Delivered
1215,155,2024-06-02,Delivered
1216,130,2024-10-02,Delivered
1217,91,2025-02-14,Returned
1218,121,2023-05-08,Returned
1219,3,2023-08-25,Delivered
1220,153,2025-05-09,Shipped
1221,172,2025-02-23,Delivered
1222,37,2025-06-16,Delivered
1223,90,2024-03-14,Delivered
1224,139,2024-11-13,Returned
1225,34,2023-07-15,Delivered
1226,158,2023-12-30,Delivered
1227,148,2025-08-11,Delivered
1228,149,2025-09-22,Cancelled
1229,47,2024-01-22,Delivered
1230,3,2024-11-21,Delivered
1231,168,2025-10-20,Delivered
1232,117,2025-04-18,Delivered
1233,76,2023-07-10,Cancelled
1234,130,2024-04-03,Delivered
1235,139,2024-06-27,Delivered
1236,13,2025-05-31,Delivered
1237,18,2023-06-14,Delivered
1238,101,2023-09-28,Delivered
1239,19,2025-06-01,Returned
1240,150,2025-06-11,Delivered
1241,27,2025-10-04,Delivered
1242,88,2023-11-16,Returned
1243,110,2024-12-15,Delivered
1244,111,2024-08-07,Delivered
1245,71,2023-12-02,Delivered
1246,4,2023-05-17,Delivered
1247,125,2025-02-11,Delivered
1248,196,2025-04-14,Delivered
1249,118,2025-02-08,Shipped
1250,111,2025-04-18,Cancelled
1251,26,2024-09-15,Cancelled
1252,71,2024-06-18,Shipped
1253,54,2025-09-07,Delivered
1254,86,2024-08-24,Delivered
1255,164,2024-12-25,Delivered
1256,93,2025-04-27,Delivered
1257,80,2025-04-02,Delivered
1258,183,2025-08-06,Cancelled
1259,27,2025-08-28,Shipped
1260,178,2024-10-01,Delivered
1261,63,2024-08-29,Shipped
1262,149,2024-10-12,Delivered
1263,178,2024-07-06,Delivered
1264,155,2024-01-21,Delivered
1265,44,2024-06-26,Delivered
1266,17,2025-10-30,Delivered
1267,111,2025-05-24,Delivered
1268,80,2025-05-05,Delivered
1269,105,2024-02-10,Delivered
1270,195,2023-10-22,Shipped
1271,23,2024-04-30,Returned
1272,47,2024-04-15,Delivered
1273,24,2025-04-24,Delivered
1274,21,2025-11-13,Delivered
1275,16,2024-10-04,Delivered
1276,4,2023-02-07,Delivered
1277,159,2025-09-13,Delivered
1278,40,2025-08-21,Delivered
1279,130,2024-02-29,Shipped
1280,90,2025-06-28,Delivered
1281,117,2025-04-13,Delivered
1282,142,2025-01-18,Delivered
1283,49,2025-06-30,Delivered
1284,182,2025-08-17,Shipped
1285,135,2025-10-20,Delivered
1286,115,2025-11-03,Delivered
1287,179,2023-07-07,Delivered
1288,192,2025-03-19,Delivered
1289,138,2025-01-03,Shipped
1290,179,2023-06-26,Cancelled
1291,82,2023-05-14,Delivered
1292,75,2024-05-12,Cancelled
1293,12,2025-02-17,Delivered
1294,175,2025-10-11,Delivered
1295,65,2024-12-15,Delivered
1296,30,2023-09-19,Delivered
1297,67,2023-06-17,Delivered
1298,128,2025-01-25,Delivered
1299,114,2024-10-14,Delivered
1300,40,2024-11-29,Shipped
1301,165,2023-12-06,Delivered
1302,48,2025-06-08,Delivered
1303,136,2025-04-26,Delivered
1304,17,2024-12-17,Delivered
1305,95,2023-09-16,Delivered
1306,145,2024-05-15,Shipped
1307,147,2025-04-14,Delivered
1308,65,2024-03-29,Returned
1309,58,2023-06-05,Delivered
1310,139,2024-06-24,Returned
1311,108,2024-11-27,Delivered
1312,186,2025-10-21,Delivered
1313,169,2025-05-03,Delivered
1314,167,2025-03-02,Delivered
1315,47,2025-04-05,Delivered
1316,175,2025-10-03,Delivered
1317,34,2025-04-09,Cancelled
1318,22,2023-07-17,Delivered
1319,160,2025-02-16,Delivered
1320,42,2024-11-26,Delivered
1321,194,2023-06-08,Delivered
1322,151,2025-08-13,Returned
1323,115,2023-10-04,Returned
1324,83,2025-03-25,Delivered
1325,134,2024-09-07,Delivered
1326,142,2024-12-14,Delivered
1327,105,2025-09-09,Delivered
1328,196,2024-11-30,Delivered
1329,200,2024-10-31,Shipped
1330,159,2024-07-02,Delivered
1331,181,2024-08-04,Delivered
1332,136,2025-01-19,Delivered
1333,121,2024-02-10,Delivered
1334,68,2024-05-10,Cancelled
1335,194,2023-12-18,Delivered
1336,62,2025-02-02,Delivered
1337,115,2023-09-26,Returned
1338,82,2024-06-04,Delivered
1339,11,2025-03-18,Delivered
1340,116,2024-12-31,Delivered
1341,45,2023-11-17,Delivered
1342,39,2025-04-07,Delivered
1343,72,2025-03-08,Delivered
1344,91,2024-05-29,Delivered
1345,61,2025-02-14,Returned
1346,34,2024-08-14,Delivered
1347,177,2024-09-30,Cancelled
1348,61,2024-05-14,Delivered
1349,83,2024-08-21,Delivered
1350,183,2024-04-27,Delivered
1351,82,2024-07-09,Returned
1352,155,2023-10-03,Delivered
1353,73,2025-03-19,Shipped
1354,167,2025-09-14,Delivered
1355,115,2025-06-15,Delivered
1356,71,2024-06-28,Delivered
1357,95,2023-12-31,Delivered
1358,146,2024-05-08,Cancelled
1359,36,2024-07-04,Delivered
1360,92,2024-10-16,Delivered
1361,16,2024-09-01,Delivered
1362,166,2025-09-19,Delivered
1363,60,2023-07-09,Returned
1364,172,2025-10-01,Delivered
1365,59,2024-10-19,Delivered
1366,131,2024-09-05,Delivered
1367,160,2025-01-12,Delivered
1368,194,2025-01-10,Delivered
1369,74,2024-12-06,Delivered
1370,191,2024-11-26,Delivered
1371,93,2024-07-03,Delivered
1372,86,2024-03-28,Delivered
1373,64,2024-07-18,Delivered
1374,56,2025-06-11,Delivered
1375,31,2025-05-11,Delivered
1376,45,2023-06-30,Delivered
1377,40,2024-07-23,Delivered
1378,148,2024-12-26,Delivered
1379,144,2024-12-21,Delivered
1380,154,2025-02-09,Delivered
1381,89,2025-10-11,Delivered
1382,105,2024-09-18,Returned
1383,92,2025-08-26,Delivered
1384,36,2024-08-28,Shipped
1385,140,2024-01-13,Delivered
1386,182,2024-06-13,Delivered
1387,101,2023-11-28,Delivered
1388,28,2025-10-16,Delivered
1389,78,2024-11-11,Delivered
1390,76,2023-07-04,Delivered
1391,77,2025-01-21,Delivered
1392,163,2025-06-02,Delivered
1393,26,2025-01-26,Delivered
1394,10,2025-04-24,Delivered
1395,184,2025-09-19,Cancelled
1396,199,2025-10-26,Shipped
1397,33,2025-01-19,Shipped
1398,168,2025-09-05,Delivered
1399,85,2024-05-22,Delivered
1400,64,2024-05-05,Delivered
1401,180,2024-12-26,Delivered
1402,179,2024-07-25,Delivered
1403,180,2025-11-05,Delivered
1404,63,2024-12-26,Delivered
1405,169,2025-02-18,Delivered
1406,48,2025-04-23,Delivered
1407,3,2024-04-30,Delivered
1408,55,2024-12-24,Delivered
1409,131,2024-08-16,Shipped
1410,93,2023-11-02,Shipped
1411,186,2025-05-14,Delivered
1412,105,2025-07-08,Cancelled
1413,154,2024-03-01,Delivered
1414,119,2025-10-03,Shipped
1415,178,2025-07-05,Returned
1416,132,2024-07-09,Delivered
1417,197,2025-04-11,Cancelled
1418,93,2025-03-15,Delivered
1419,186,2025-02-19,Delivered
1420,128,2025-07-22,Delivered
1421,19,2025-06-28,Delivered
1422,66,2025-07-16,Delivered
1423,195,2023-06-16,Delivered
1424,33,2023-08-29,Cancelled
1425,71,2024-01-05,Delivered
1426,61,2024-02-04,Delivered
1427,42,2023-12-30,Delivered
1428,57,2025-04-30,Delivered
1429,28,2024-05-30,Delivered
1430,26,2024-02-12,Delivered
1431,126,2024-06-03,Shipped
1432,53,2025-07-23,Delivered
1433,54,2024-09-24,Delivered
1434,145,2024-11-21,Delivered
1435,93,2024-04-10,Delivered
1436,69,2024-07-24,Cancelled
1437,166,2025-04-02,Delivered
1438,142,2025-01-02,Delivered
1439,48,2024-04-26,Delivered
1440,159,2024-06-13,Delivered
1441,155,2025-05-31,Delivered
1442,137,2023-09-21,Delivered
1443,130,2023-11-27,Delivered
1444,62,2025-04-23,Shipped
1445,64,2024-10-12,Delivered
1446,186,2025-06-14,Cancelled
1447,105,2024-03-04,Delivered
1448,155,2024-07-28,Delivered
1449,193,2024-01-30,Delivered
1450,59,2024-05-25,Delivered
1451,119,2024-04-19,Delivered
1452,76,2024-03-20,Delivered
1453,132,2025-06-05,Delivered
1454,70,2023-09-07,Delivered
1455,86,2025-05-18,Delivered
1456,111,2025-07-23,Delivered
1457,113,2025-03-03,Delivered
1458,99,2025-08-10,Delivered
1459,50,2025-09-01,Delivered
1460,1,2024-12-23,Delivered
1461,120,2024-02-29,Cancelled
1462,85,2024-12-18,Delivered
1463,124,2024-05-27,Delivered
1464,66,2024-06-14,Shipped
1465,179,2024-11-17,Delivered
1466,160,2025-08-04,Returned
1467,40,2025-02-12,Delivered
1468,125,2024-12-02,Cancelled
1469,74,2024-05-07,Delivered
1470,97,2024-04-08,Delivered
1471,127,2024-09-08,Cancelled
1472,174,2025-11-29,Cancelled
1473,22,2023-08-05,Delivered
1474,73,2024-11-26,Delivered
1475,177,2024-11-20,Delivered
1476,80,2025-09-13,Delivered
1477,21,2025-01-30,Delivered
1478,19,2025-07-29,Delivered
1479,151,2024-07-14,Cancelled
1480,41,2024-07-16,Delivered
1481,100,2025-01-29,Shipped
1482,48,2023-09-12,Shipped
1483,86,2024-01-28,Delivered
1484,185,2024-09-08,Delivered
1485,52,2025-04-18,Delivered
1486,11,2024-07-19,Returned
1487,105,2025-05-11,Delivered
1488,58,2024-04-13,Delivered
1489,13,2024-07-02,Shipped
1490,197,2025-05-09,Shipped
1491,186,2025-03-29,Delivered
1492,6,2025-02-06,Delivered
1493,25,2025-04-21,Cancelled
1494,32,2024-03-18,Returned
1495,196,2025-11-18,Delivered
1496,24,2025-10-14,Delivered
1497,177,2025-08-04,Delivered
1498,59,2025-01-03,Cancelled
1499,147,2024-06-21,Delivered
1500,22,2023-11-10,Shipped
1501,88,2023-06-13,Delivered
1502,109,2025-05-15,Delivered
1503,179,2024-01-31,Shipped
1504,24,2025-03-07,Cancelled
1505,32,2024-09-18,Delivered
1506,194,2024-11-03,Cancelled
1507,77,2024-05-17,Cancelled
1508,151,2023-09-13,Delivered
1509,144,2023-09-12,Delivered
1510,121,2023-12-01,Delivered
1511,175,2025-08-23,Cancelled
1512,171,2024-09-01,Delivered
1513,69,2024-03-26,Delivered
1514,48,2025-06-22,Delivered
1515,4,2024-04-01,Delivered
1516,32,2025-03-27,Delivered
1517,170,2024-08-10,Delivered
1518,74,2024-01-23,Delivered
1519,17,2025-06-16,Delivered
1520,71,2024-07-20,Returned
1521,5,2025-11-04,Delivered
1522,95,2025-01-23,Delivered
1523,17,2025-05-27,Returned
1524,194,2025-03-13,Cancelled
1525,124,2024-03-08,Delivered
1526,160,2024-10-16,Cancelled
1527,137,2024-02-18,Delivered
1528,53,2025-10-28,Delivered
1529,165,2025-06-03,Cancelled
1530,194,2025-04-10,Delivered
1531,90,2024-07-29,Delivered
1532,45,2023-11-23,Delivered
1533,51,2024-09-14,Delivered
1534,9,2024-04-14,Delivered
1535,44,2025-06-22,Delivered
1536,55,2024-08-27,Delivered
1537,69,2025-07-14,Delivered
1538,45,2025-03-02,Shipped
1539,30,2025-05-04,Delivered
1540,167,2025-07-11,Delivered
1541,140,2024-02-15,Delivered
1542,35,2023-12-13,Delivered
1543,114,2023-04-25,Delivered
1544,87,2024-09-06,Delivered
1545,8,2023-04-03,Delivered
1546,166,2024-11-04,Delivered
1547,130,2025-07-22,Delivered
1548,123,2025-02-05,Delivered
1549,67,2023-11-04,Delivered
1550,97,2025-08-13,Delivered
1551,80,2024-04-23,Shipped
1552,161,2025-11-09,Delivered
1553,143,2024-10-12,Delivered
1554,101,2024-01-01,Shipped
1555,67,2024-12-16,Delivered
1556,179,2024-06-24,Delivered
1557,188,2024-01-21,Delivered
1558,34,2024-03-02,Delivered
1559,100,2024-12-29,Delivered
1560,48,2024-07-01,Delivered
1561,28,2025-06-08,Delivered
1562,120,2025-05-29,Shipped
1563,164,2024-08-15,Returned
1564,196,2025-08-11,Delivered
1565,27,2023-11-06,Delivered
1566,62,2025-04-07,Delivered
1567,105,2023-10-21,Delivered
1568,151,2023-12-27,Delivered
1569,86,2024-12-25,Delivered
1570,175,2024-10-10,Delivered
1571,32,2025-09-04,Delivered
1572,88,2023-03-10,Delivered
1573,71,2024-02-26,Delivered
1574,76,2023-07-14,Delivered
1575,61,2025-01-18,Cancelled
1576,200,2024-08-21,Cancelled
1577,19,2025-09-06,Returned
1578,88,2024-02-10,Delivered
1579,144,2024-10-22,Cancelled
1580,2,2025-04-02,Returned
1581,186,2024-09-01,Delivered
1582,149,2025-08-23,Delivered
1583,116,2025-04-15,Delivered
1584,169,2024-06-07,Shipped
1585,149,2024-09-26,Delivered
1586,80,2025-06-06,Delivered
1587,143,2024-10-25,Delivered
1588,80,2025-05-29,Returned
1589,194,2023-05-16,Shipped
1590,97,2025-01-01,Delivered
1591,110,2023-08-04,Delivered
1592,65,2023-10-24,Delivered
1593,131,2024-12-24,Delivered
1594,58,2023-01-10,Delivered
1595,86,2023-09-25,Delivered
1596,21,2025-09-27,Delivered
1597,199,2024-05-05,Shipped
1598,72,2025-04-20,Delivered
1599,104,2025-09-17,Shipped
1600,122,2025-05-25,Cancelled
1601,92,2025-11-06,Cancelled
1602,3,2023-11-11,Shipped
1603,140,2025-07-11,Returned
1604,171,2025-02-09,Delivered
1605,149,2024-07-25,Delivered
1606,121,2024-10-20,Delivered
1607,171,2025-01-07,Delivered
1608,151,2025-03-11,Shipped
1609,140,2024-11-14,Delivered
1610,63,2024-12-03,Shipped
1611,59,2024-10-09,Delivered
1612,200,2024-12-31,Shipped
1613,22,2025-04-30,Shipped
1614,23,2025-03-02,Delivered
1615,68,2025-02-01,Delivered
1616,143,2025-02-22,Delivered
1617,41,2023-10-19,Cancelled
1618,59,2025-01-09,Shipped
1619,157,2025-11-21,Delivered
1620,130,2025-01-10,Returned
1621,115,2024-10-17,Delivered
1622,158,2023-11-18,Delivered
1623,160,2025-11-08,Cancelled
1624,10,2025-09-30,Delivered
1625,69,2023-08-14,Delivered
1626,192,2024-07-28,Shipped
1627,118,2025-02-28,Delivered
1628,163,2024-01-26,Delivered
1629,67,2023-05-18,Delivered
1630,57,2025-08-12,Delivered
1631,126,2024-08-26,Delivered
1632,194,2024-09-09,Delivered
1633,160,2024-07-30,Cancelled
1634,10,2024-03-09,Shipped
1635,117,2023-09-27,Delivered
1636,55,2025-08-17,Delivered
1637,165,2024-01-29,Delivered
1638,122,2025-11-22,Delivered
1639,85,2024-10-03,Shipped
1640,36,2025-06-18,Delivered
1641,183,2025-08-22,Delivered
1642,86,2023-09-25,Delivered
1643,84,2025-04-25,Delivered
1644,163,2024-11-20,Delivered
1645,158,2024-10-10,Delivered
1646,113,2025-02-18,Returned
1647,181,2024-09-02,Cancelled
1648,182,2025-01-13,Shipped
1649,33,2023-12-13,Delivered
1650,41,2024-01-06,Delivered
1651,171,2024-11-09,Delivered
1652,67,2025-03-31,Returned
1653,84,2024-10-28,Delivered
1654,14,2025-08-08,Shipped
1655,187,2023-10-04,Cancelled
1656,158,2024-04-20,Delivered
1657,139,2024-05-31,Delivered
1658,147,2024-05-29,Delivered
1659,30,2023-11-24,Cancelled
1660,15,2025-09-10,Delivered
1661,26,2024-04-06,Shipped
1662,10,2024-01-26,Delivered
1663,96,2025-11-07,Delivered
1664,52,2024-10-01,Delivered
1665,147,2024-05-17,Delivered
1666,147,2023-09-27,Delivered
1667,151,2025-10-15,Delivered
